Initial D 2nd Stage - 04 ,https://www.cda.pl/video/55622224c,ppaczka
Initial D 2nd Stage - 11 ,https://www.cda.pl/video/55622168c,ppaczka
Initial D 2nd Stage - 13 ,https://www.cda.pl/video/556221308,ppaczka
Initial D 2nd Stage - 12 ,https://www.cda.pl/video/5562210c6,ppaczka
Initial D 2nd Stage - 10 ,https://www.cda.pl/video/556220707,ppaczka
Initial D 2nd Stage - 08 ,https://www.cda.pl/video/55622019a,ppaczka
Initial D 2nd Stage - 07 ,https://www.cda.pl/video/556219819,ppaczka
Initial D 2nd Stage - 06 ,https://www.cda.pl/video/556219598,ppaczka
Initial D 2nd Stage - 03 ,https://www.cda.pl/video/5562186eb,ppaczka
Initial D 2nd Stage - 02 ,https://www.cda.pl/video/55621835c,ppaczka
Initial D 2nd Stage - 01 ,https://www.cda.pl/video/5562180e7,ppaczka
Aleksander Jabonowski na wzgórzu śpiących żołnierzy - Ewa Mackiewicz Kopiec Powstania Warszawskie... ,https://www.cda.pl/video/55621507a,anonim
TFR Season 6: Episode 6 ,https://www.cda.pl/video/556108896,asseter
Chip n Dale Rescue Rangers. E43. Rescue Rangers to the Rescue Part 3.PL HD ,https://www.cda.pl/video/5561958b9,Kacper1996PL
TFR Season 6: Episode 3 ,https://www.cda.pl/video/5561097b0,asseter
Paszport Suwerena ARIOWIE ,https://www.cda.pl/video/5561523fe,pollechicki
Po tamtej stronie drzwi (2016) ,https://www.cda.pl/video/556194077,alawar
Idealny facet (2015) ,https://www.cda.pl/video/556193168,alawar
X-Men 2 (2003) ,https://www.cda.pl/video/5561853eb,alawar
Gracz (2014) ,https://www.cda.pl/video/5561910de,alawar
"Dziewczyna, która została królem (2015) ",https://www.cda.pl/video/5561895a7,alawar
Dziewczyny śmierci (2015) ,https://www.cda.pl/video/55619255f,alawar
Chip n Dale Rescue Rangers. E42. Rescue Rangers to the Rescue Part 2.PL HD ,https://www.cda.pl/video/55619013d,Kacper1996PL
Straight Outta Compton (2015) ,https://www.cda.pl/video/556183237,alawar
Savages: Ponad bezprawiem (2012) Lekto PL ,https://www.cda.pl/video/5561685e5,solowski1978
Prosty fart (MMXIX) komedia ,https://www.cda.pl/video/5561715c0,tomus76
Zaktualizowany (MMXVIII) Akcja Sci-fi ,https://www.cda.pl/video/556171298,tomus76
TFR Season 6: Episode 1 ,https://www.cda.pl/video/556110385,asseter
Sword Art Online: Alicization - War of Underworld 16 ,https://www.cda.pl/video/55616796d,kirito21
No Escape. (2015) Lektor PL ,https://www.cda.pl/video/556164628,solowski1978
Initial D 2nd Stage - 04 ,https://www.cda.pl/video/55622224c,ppaczka
Initial D 2nd Stage - 11 ,https://www.cda.pl/video/55622168c,ppaczka
Initial D 2nd Stage - 13 ,https://www.cda.pl/video/556221308,ppaczka
Initial D 2nd Stage - 12 ,https://www.cda.pl/video/5562210c6,ppaczka
Initial D 2nd Stage - 10 ,https://www.cda.pl/video/556220707,ppaczka
Initial D 2nd Stage - 08 ,https://www.cda.pl/video/55622019a,ppaczka
Initial D 2nd Stage - 07 ,https://www.cda.pl/video/556219819,ppaczka
Initial D 2nd Stage - 06 ,https://www.cda.pl/video/556219598,ppaczka
Initial D 2nd Stage - 03 ,https://www.cda.pl/video/5562186eb,ppaczka
Initial D 2nd Stage - 02 ,https://www.cda.pl/video/55621835c,ppaczka
Initial D 2nd Stage - 01 ,https://www.cda.pl/video/5562180e7,ppaczka
Aleksander Jabonowski na wzgórzu śpiących żołnierzy - Ewa Mackiewicz Kopiec Powstania Warszawskie... ,https://www.cda.pl/video/55621507a,anonim
TFR Season 6: Episode 6 ,https://www.cda.pl/video/556108896,asseter
Chip n Dale Rescue Rangers. E43. Rescue Rangers to the Rescue Part 3.PL HD ,https://www.cda.pl/video/5561958b9,Kacper1996PL
TFR Season 6: Episode 3 ,https://www.cda.pl/video/5561097b0,asseter
Paszport Suwerena ARIOWIE ,https://www.cda.pl/video/5561523fe,pollechicki
Po tamtej stronie drzwi (2016) ,https://www.cda.pl/video/556194077,alawar
Idealny facet (2015) ,https://www.cda.pl/video/556193168,alawar
X-Men 2 (2003) ,https://www.cda.pl/video/5561853eb,alawar
Gracz (2014) ,https://www.cda.pl/video/5561910de,alawar
"Dziewczyna, która została królem (2015) ",https://www.cda.pl/video/5561895a7,alawar
Dziewczyny śmierci (2015) ,https://www.cda.pl/video/55619255f,alawar
Chip n Dale Rescue Rangers. E42. Rescue Rangers to the Rescue Part 2.PL HD ,https://www.cda.pl/video/55619013d,Kacper1996PL
Straight Outta Compton (2015) ,https://www.cda.pl/video/556183237,alawar
Savages: Ponad bezprawiem (2012) Lekto PL ,https://www.cda.pl/video/5561685e5,solowski1978
Prosty fart (MMXIX) komedia ,https://www.cda.pl/video/5561715c0,tomus76
Zaktualizowany (MMXVIII) Akcja Sci-fi ,https://www.cda.pl/video/556171298,tomus76
TFR Season 6: Episode 1 ,https://www.cda.pl/video/556110385,asseter
Sword Art Online: Alicization - War of Underworld 16 ,https://www.cda.pl/video/55616796d,kirito21
No Escape. (2015) Lektor PL ,https://www.cda.pl/video/556164628,solowski1978
Initial D 2nd Stage - 04 ,https://www.cda.pl/video/55622224c,ppaczka
Initial D 2nd Stage - 11 ,https://www.cda.pl/video/55622168c,ppaczka
Initial D 2nd Stage - 13 ,https://www.cda.pl/video/556221308,ppaczka
Initial D 2nd Stage - 12 ,https://www.cda.pl/video/5562210c6,ppaczka
Initial D 2nd Stage - 10 ,https://www.cda.pl/video/556220707,ppaczka
Initial D 2nd Stage - 08 ,https://www.cda.pl/video/55622019a,ppaczka
Initial D 2nd Stage - 07 ,https://www.cda.pl/video/556219819,ppaczka
Initial D 2nd Stage - 06 ,https://www.cda.pl/video/556219598,ppaczka
Initial D 2nd Stage - 03 ,https://www.cda.pl/video/5562186eb,ppaczka
Initial D 2nd Stage - 02 ,https://www.cda.pl/video/55621835c,ppaczka
Initial D 2nd Stage - 01 ,https://www.cda.pl/video/5562180e7,ppaczka
Aleksander Jabonowski na wzgórzu śpiących żołnierzy - Ewa Mackiewicz Kopiec Powstania Warszawskie... ,https://www.cda.pl/video/55621507a,anonim
TFR Season 6: Episode 6 ,https://www.cda.pl/video/556108896,asseter
Chip n Dale Rescue Rangers. E43. Rescue Rangers to the Rescue Part 3.PL HD ,https://www.cda.pl/video/5561958b9,Kacper1996PL
TFR Season 6: Episode 3 ,https://www.cda.pl/video/5561097b0,asseter
Paszport Suwerena ARIOWIE ,https://www.cda.pl/video/5561523fe,pollechicki
Po tamtej stronie drzwi (2016) ,https://www.cda.pl/video/556194077,alawar
Idealny facet (2015) ,https://www.cda.pl/video/556193168,alawar
X-Men 2 (2003) ,https://www.cda.pl/video/5561853eb,alawar
Gracz (2014) ,https://www.cda.pl/video/5561910de,alawar
"Dziewczyna, która została królem (2015) ",https://www.cda.pl/video/5561895a7,alawar
Dziewczyny śmierci (2015) ,https://www.cda.pl/video/55619255f,alawar
Chip n Dale Rescue Rangers. E42. Rescue Rangers to the Rescue Part 2.PL HD ,https://www.cda.pl/video/55619013d,Kacper1996PL
Straight Outta Compton (2015) ,https://www.cda.pl/video/556183237,alawar
Savages: Ponad bezprawiem (2012) Lekto PL ,https://www.cda.pl/video/5561685e5,solowski1978
Prosty fart (MMXIX) komedia ,https://www.cda.pl/video/5561715c0,tomus76
Zaktualizowany (MMXVIII) Akcja Sci-fi ,https://www.cda.pl/video/556171298,tomus76
TFR Season 6: Episode 1 ,https://www.cda.pl/video/556110385,asseter
Sword Art Online: Alicization - War of Underworld 16 ,https://www.cda.pl/video/55616796d,kirito21
No Escape. (2015) Lektor PL ,https://www.cda.pl/video/556164628,solowski1978
Initial D 2nd Stage - 04 ,https://www.cda.pl/video/55622224c,ppaczka
Initial D 2nd Stage - 11 ,https://www.cda.pl/video/55622168c,ppaczka
Initial D 2nd Stage - 13 ,https://www.cda.pl/video/556221308,ppaczka
Initial D 2nd Stage - 12 ,https://www.cda.pl/video/5562210c6,ppaczka
Initial D 2nd Stage - 10 ,https://www.cda.pl/video/556220707,ppaczka
Initial D 2nd Stage - 08 ,https://www.cda.pl/video/55622019a,ppaczka
Initial D 2nd Stage - 07 ,https://www.cda.pl/video/556219819,ppaczka
Initial D 2nd Stage - 06 ,https://www.cda.pl/video/556219598,ppaczka
Initial D 2nd Stage - 03 ,https://www.cda.pl/video/5562186eb,ppaczka
Initial D 2nd Stage - 02 ,https://www.cda.pl/video/55621835c,ppaczka
Initial D 2nd Stage - 01 ,https://www.cda.pl/video/5562180e7,ppaczka
Aleksander Jabonowski na wzgórzu śpiących żołnierzy - Ewa Mackiewicz Kopiec Powstania Warszawskie... ,https://www.cda.pl/video/55621507a,anonim
TFR Season 6: Episode 6 ,https://www.cda.pl/video/556108896,asseter
Chip n Dale Rescue Rangers. E43. Rescue Rangers to the Rescue Part 3.PL HD ,https://www.cda.pl/video/5561958b9,Kacper1996PL
TFR Season 6: Episode 3 ,https://www.cda.pl/video/5561097b0,asseter
Paszport Suwerena ARIOWIE ,https://www.cda.pl/video/5561523fe,pollechicki
Po tamtej stronie drzwi (2016) ,https://www.cda.pl/video/556194077,alawar
Idealny facet (2015) ,https://www.cda.pl/video/556193168,alawar
X-Men 2 (2003) ,https://www.cda.pl/video/5561853eb,alawar
Gracz (2014) ,https://www.cda.pl/video/5561910de,alawar
"Dziewczyna, która została królem (2015) ",https://www.cda.pl/video/5561895a7,alawar
Dziewczyny śmierci (2015) ,https://www.cda.pl/video/55619255f,alawar
Chip n Dale Rescue Rangers. E42. Rescue Rangers to the Rescue Part 2.PL HD ,https://www.cda.pl/video/55619013d,Kacper1996PL
Straight Outta Compton (2015) ,https://www.cda.pl/video/556183237,alawar
Savages: Ponad bezprawiem (2012) Lekto PL ,https://www.cda.pl/video/5561685e5,solowski1978
Prosty fart (MMXIX) komedia ,https://www.cda.pl/video/5561715c0,tomus76
Zaktualizowany (MMXVIII) Akcja Sci-fi ,https://www.cda.pl/video/556171298,tomus76
TFR Season 6: Episode 1 ,https://www.cda.pl/video/556110385,asseter
Sword Art Online: Alicization - War of Underworld 16 ,https://www.cda.pl/video/55616796d,kirito21
No Escape. (2015) Lektor PL ,https://www.cda.pl/video/556164628,solowski1978
Initial D 2nd Stage - 04 ,https://www.cda.pl/video/55622224c,ppaczka
Initial D 2nd Stage - 11 ,https://www.cda.pl/video/55622168c,ppaczka
Initial D 2nd Stage - 13 ,https://www.cda.pl/video/556221308,ppaczka
Initial D 2nd Stage - 12 ,https://www.cda.pl/video/5562210c6,ppaczka
Initial D 2nd Stage - 10 ,https://www.cda.pl/video/556220707,ppaczka
Initial D 2nd Stage - 08 ,https://www.cda.pl/video/55622019a,ppaczka
Initial D 2nd Stage - 07 ,https://www.cda.pl/video/556219819,ppaczka
Initial D 2nd Stage - 06 ,https://www.cda.pl/video/556219598,ppaczka
Initial D 2nd Stage - 03 ,https://www.cda.pl/video/5562186eb,ppaczka
Initial D 2nd Stage - 02 ,https://www.cda.pl/video/55621835c,ppaczka
Initial D 2nd Stage - 01 ,https://www.cda.pl/video/5562180e7,ppaczka
Aleksander Jabonowski na wzgórzu śpiących żołnierzy - Ewa Mackiewicz Kopiec Powstania Warszawskie... ,https://www.cda.pl/video/55621507a,anonim
TFR Season 6: Episode 6 ,https://www.cda.pl/video/556108896,asseter
Chip n Dale Rescue Rangers. E43. Rescue Rangers to the Rescue Part 3.PL HD ,https://www.cda.pl/video/5561958b9,Kacper1996PL
TFR Season 6: Episode 3 ,https://www.cda.pl/video/5561097b0,asseter
Paszport Suwerena ARIOWIE ,https://www.cda.pl/video/5561523fe,pollechicki
Po tamtej stronie drzwi (2016) ,https://www.cda.pl/video/556194077,alawar
Idealny facet (2015) ,https://www.cda.pl/video/556193168,alawar
X-Men 2 (2003) ,https://www.cda.pl/video/5561853eb,alawar
Gracz (2014) ,https://www.cda.pl/video/5561910de,alawar
"Dziewczyna, która została królem (2015) ",https://www.cda.pl/video/5561895a7,alawar
Dziewczyny śmierci (2015) ,https://www.cda.pl/video/55619255f,alawar
Chip n Dale Rescue Rangers. E42. Rescue Rangers to the Rescue Part 2.PL HD ,https://www.cda.pl/video/55619013d,Kacper1996PL
Straight Outta Compton (2015) ,https://www.cda.pl/video/556183237,alawar
Savages: Ponad bezprawiem (2012) Lekto PL ,https://www.cda.pl/video/5561685e5,solowski1978
Prosty fart (MMXIX) komedia ,https://www.cda.pl/video/5561715c0,tomus76
Zaktualizowany (MMXVIII) Akcja Sci-fi ,https://www.cda.pl/video/556171298,tomus76
TFR Season 6: Episode 1 ,https://www.cda.pl/video/556110385,asseter
Sword Art Online: Alicization - War of Underworld 16 ,https://www.cda.pl/video/55616796d,kirito21
No Escape. (2015) Lektor PL ,https://www.cda.pl/video/556164628,solowski1978
Initial D 2nd Stage - 04 ,https://www.cda.pl/video/55622224c,ppaczka
Initial D 2nd Stage - 11 ,https://www.cda.pl/video/55622168c,ppaczka
Initial D 2nd Stage - 13 ,https://www.cda.pl/video/556221308,ppaczka
Initial D 2nd Stage - 12 ,https://www.cda.pl/video/5562210c6,ppaczka
Initial D 2nd Stage - 10 ,https://www.cda.pl/video/556220707,ppaczka
Initial D 2nd Stage - 08 ,https://www.cda.pl/video/55622019a,ppaczka
Initial D 2nd Stage - 07 ,https://www.cda.pl/video/556219819,ppaczka
Initial D 2nd Stage - 06 ,https://www.cda.pl/video/556219598,ppaczka
Initial D 2nd Stage - 03 ,https://www.cda.pl/video/5562186eb,ppaczka
Initial D 2nd Stage - 02 ,https://www.cda.pl/video/55621835c,ppaczka
Initial D 2nd Stage - 01 ,https://www.cda.pl/video/5562180e7,ppaczka
Aleksander Jabonowski na wzgórzu śpiących żołnierzy - Ewa Mackiewicz Kopiec Powstania Warszawskie... ,https://www.cda.pl/video/55621507a,anonim
TFR Season 6: Episode 6 ,https://www.cda.pl/video/556108896,asseter
Chip n Dale Rescue Rangers. E43. Rescue Rangers to the Rescue Part 3.PL HD ,https://www.cda.pl/video/5561958b9,Kacper1996PL
TFR Season 6: Episode 3 ,https://www.cda.pl/video/5561097b0,asseter
Paszport Suwerena ARIOWIE ,https://www.cda.pl/video/5561523fe,pollechicki
Po tamtej stronie drzwi (2016) ,https://www.cda.pl/video/556194077,alawar
Idealny facet (2015) ,https://www.cda.pl/video/556193168,alawar
X-Men 2 (2003) ,https://www.cda.pl/video/5561853eb,alawar
Gracz (2014) ,https://www.cda.pl/video/5561910de,alawar
"Dziewczyna, która została królem (2015) ",https://www.cda.pl/video/5561895a7,alawar
Dziewczyny śmierci (2015) ,https://www.cda.pl/video/55619255f,alawar
Chip n Dale Rescue Rangers. E42. Rescue Rangers to the Rescue Part 2.PL HD ,https://www.cda.pl/video/55619013d,Kacper1996PL
Straight Outta Compton (2015) ,https://www.cda.pl/video/556183237,alawar
Savages: Ponad bezprawiem (2012) Lekto PL ,https://www.cda.pl/video/5561685e5,solowski1978
Prosty fart (MMXIX) komedia ,https://www.cda.pl/video/5561715c0,tomus76
Zaktualizowany (MMXVIII) Akcja Sci-fi ,https://www.cda.pl/video/556171298,tomus76
TFR Season 6: Episode 1 ,https://www.cda.pl/video/556110385,asseter
Sword Art Online: Alicization - War of Underworld 16 ,https://www.cda.pl/video/55616796d,kirito21
No Escape. (2015) Lektor PL ,https://www.cda.pl/video/556164628,solowski1978
Initial D 2nd Stage - 04 ,https://www.cda.pl/video/55622224c,ppaczka
Initial D 2nd Stage - 11 ,https://www.cda.pl/video/55622168c,ppaczka
Initial D 2nd Stage - 13 ,https://www.cda.pl/video/556221308,ppaczka
Initial D 2nd Stage - 12 ,https://www.cda.pl/video/5562210c6,ppaczka
Initial D 2nd Stage - 10 ,https://www.cda.pl/video/556220707,ppaczka
Initial D 2nd Stage - 08 ,https://www.cda.pl/video/55622019a,ppaczka
Initial D 2nd Stage - 07 ,https://www.cda.pl/video/556219819,ppaczka
Initial D 2nd Stage - 06 ,https://www.cda.pl/video/556219598,ppaczka
Initial D 2nd Stage - 03 ,https://www.cda.pl/video/5562186eb,ppaczka
Initial D 2nd Stage - 02 ,https://www.cda.pl/video/55621835c,ppaczka
Initial D 2nd Stage - 01 ,https://www.cda.pl/video/5562180e7,ppaczka
Aleksander Jabonowski na wzgórzu śpiących żołnierzy - Ewa Mackiewicz Kopiec Powstania Warszawskie... ,https://www.cda.pl/video/55621507a,anonim
TFR Season 6: Episode 6 ,https://www.cda.pl/video/556108896,asseter
Chip n Dale Rescue Rangers. E43. Rescue Rangers to the Rescue Part 3.PL HD ,https://www.cda.pl/video/5561958b9,Kacper1996PL
TFR Season 6: Episode 3 ,https://www.cda.pl/video/5561097b0,asseter
Paszport Suwerena ARIOWIE ,https://www.cda.pl/video/5561523fe,pollechicki
Po tamtej stronie drzwi (2016) ,https://www.cda.pl/video/556194077,alawar
Idealny facet (2015) ,https://www.cda.pl/video/556193168,alawar
X-Men 2 (2003) ,https://www.cda.pl/video/5561853eb,alawar
Gracz (2014) ,https://www.cda.pl/video/5561910de,alawar
"Dziewczyna, która została królem (2015) ",https://www.cda.pl/video/5561895a7,alawar
Dziewczyny śmierci (2015) ,https://www.cda.pl/video/55619255f,alawar
Chip n Dale Rescue Rangers. E42. Rescue Rangers to the Rescue Part 2.PL HD ,https://www.cda.pl/video/55619013d,Kacper1996PL
Straight Outta Compton (2015) ,https://www.cda.pl/video/556183237,alawar
Savages: Ponad bezprawiem (2012) Lekto PL ,https://www.cda.pl/video/5561685e5,solowski1978
Prosty fart (MMXIX) komedia ,https://www.cda.pl/video/5561715c0,tomus76
Zaktualizowany (MMXVIII) Akcja Sci-fi ,https://www.cda.pl/video/556171298,tomus76
TFR Season 6: Episode 1 ,https://www.cda.pl/video/556110385,asseter
Sword Art Online: Alicization - War of Underworld 16 ,https://www.cda.pl/video/55616796d,kirito21
No Escape. (2015) Lektor PL ,https://www.cda.pl/video/556164628,solowski1978
Initial D 2nd Stage - 04 ,https://www.cda.pl/video/55622224c,ppaczka
Initial D 2nd Stage - 11 ,https://www.cda.pl/video/55622168c,ppaczka
Initial D 2nd Stage - 13 ,https://www.cda.pl/video/556221308,ppaczka
Initial D 2nd Stage - 12 ,https://www.cda.pl/video/5562210c6,ppaczka
Initial D 2nd Stage - 10 ,https://www.cda.pl/video/556220707,ppaczka
Initial D 2nd Stage - 08 ,https://www.cda.pl/video/55622019a,ppaczka
Initial D 2nd Stage - 07 ,https://www.cda.pl/video/556219819,ppaczka
Initial D 2nd Stage - 06 ,https://www.cda.pl/video/556219598,ppaczka
Initial D 2nd Stage - 03 ,https://www.cda.pl/video/5562186eb,ppaczka
Initial D 2nd Stage - 02 ,https://www.cda.pl/video/55621835c,ppaczka
Initial D 2nd Stage - 01 ,https://www.cda.pl/video/5562180e7,ppaczka
Aleksander Jabonowski na wzgórzu śpiących żołnierzy - Ewa Mackiewicz Kopiec Powstania Warszawskie... ,https://www.cda.pl/video/55621507a,anonim
TFR Season 6: Episode 6 ,https://www.cda.pl/video/556108896,asseter
Chip n Dale Rescue Rangers. E43. Rescue Rangers to the Rescue Part 3.PL HD ,https://www.cda.pl/video/5561958b9,Kacper1996PL
TFR Season 6: Episode 3 ,https://www.cda.pl/video/5561097b0,asseter
Paszport Suwerena ARIOWIE ,https://www.cda.pl/video/5561523fe,pollechicki
Po tamtej stronie drzwi (2016) ,https://www.cda.pl/video/556194077,alawar
Idealny facet (2015) ,https://www.cda.pl/video/556193168,alawar
X-Men 2 (2003) ,https://www.cda.pl/video/5561853eb,alawar
Gracz (2014) ,https://www.cda.pl/video/5561910de,alawar
"Dziewczyna, która została królem (2015) ",https://www.cda.pl/video/5561895a7,alawar
Dziewczyny śmierci (2015) ,https://www.cda.pl/video/55619255f,alawar
Chip n Dale Rescue Rangers. E42. Rescue Rangers to the Rescue Part 2.PL HD ,https://www.cda.pl/video/55619013d,Kacper1996PL
Straight Outta Compton (2015) ,https://www.cda.pl/video/556183237,alawar
Savages: Ponad bezprawiem (2012) Lekto PL ,https://www.cda.pl/video/5561685e5,solowski1978
Prosty fart (MMXIX) komedia ,https://www.cda.pl/video/5561715c0,tomus76
Zaktualizowany (MMXVIII) Akcja Sci-fi ,https://www.cda.pl/video/556171298,tomus76
TFR Season 6: Episode 1 ,https://www.cda.pl/video/556110385,asseter
Sword Art Online: Alicization - War of Underworld 16 ,https://www.cda.pl/video/55616796d,kirito21
No Escape. (2015) Lektor PL ,https://www.cda.pl/video/556164628,solowski1978
Initial D 2nd Stage - 04 ,https://www.cda.pl/video/55622224c,ppaczka
Initial D 2nd Stage - 11 ,https://www.cda.pl/video/55622168c,ppaczka
Initial D 2nd Stage - 13 ,https://www.cda.pl/video/556221308,ppaczka
Initial D 2nd Stage - 12 ,https://www.cda.pl/video/5562210c6,ppaczka
Initial D 2nd Stage - 10 ,https://www.cda.pl/video/556220707,ppaczka
Initial D 2nd Stage - 08 ,https://www.cda.pl/video/55622019a,ppaczka
Initial D 2nd Stage - 07 ,https://www.cda.pl/video/556219819,ppaczka
Initial D 2nd Stage - 06 ,https://www.cda.pl/video/556219598,ppaczka
Initial D 2nd Stage - 03 ,https://www.cda.pl/video/5562186eb,ppaczka
Initial D 2nd Stage - 02 ,https://www.cda.pl/video/55621835c,ppaczka
Initial D 2nd Stage - 01 ,https://www.cda.pl/video/5562180e7,ppaczka
Aleksander Jabonowski na wzgórzu śpiących żołnierzy - Ewa Mackiewicz Kopiec Powstania Warszawskie... ,https://www.cda.pl/video/55621507a,anonim
TFR Season 6: Episode 6 ,https://www.cda.pl/video/556108896,asseter
Chip n Dale Rescue Rangers. E43. Rescue Rangers to the Rescue Part 3.PL HD ,https://www.cda.pl/video/5561958b9,Kacper1996PL
TFR Season 6: Episode 3 ,https://www.cda.pl/video/5561097b0,asseter
Paszport Suwerena ARIOWIE ,https://www.cda.pl/video/5561523fe,pollechicki
Po tamtej stronie drzwi (2016) ,https://www.cda.pl/video/556194077,alawar
Idealny facet (2015) ,https://www.cda.pl/video/556193168,alawar
X-Men 2 (2003) ,https://www.cda.pl/video/5561853eb,alawar
Gracz (2014) ,https://www.cda.pl/video/5561910de,alawar
"Dziewczyna, która została królem (2015) ",https://www.cda.pl/video/5561895a7,alawar
Dziewczyny śmierci (2015) ,https://www.cda.pl/video/55619255f,alawar
Chip n Dale Rescue Rangers. E42. Rescue Rangers to the Rescue Part 2.PL HD ,https://www.cda.pl/video/55619013d,Kacper1996PL
Straight Outta Compton (2015) ,https://www.cda.pl/video/556183237,alawar
Savages: Ponad bezprawiem (2012) Lekto PL ,https://www.cda.pl/video/5561685e5,solowski1978
Prosty fart (MMXIX) komedia ,https://www.cda.pl/video/5561715c0,tomus76
Zaktualizowany (MMXVIII) Akcja Sci-fi ,https://www.cda.pl/video/556171298,tomus76
TFR Season 6: Episode 1 ,https://www.cda.pl/video/556110385,asseter
Sword Art Online: Alicization - War of Underworld 16 ,https://www.cda.pl/video/55616796d,kirito21
No Escape. (2015) Lektor PL ,https://www.cda.pl/video/556164628,solowski1978
Initial D 2nd Stage - 04 ,https://www.cda.pl/video/55622224c,ppaczka
Initial D 2nd Stage - 11 ,https://www.cda.pl/video/55622168c,ppaczka
Initial D 2nd Stage - 13 ,https://www.cda.pl/video/556221308,ppaczka
Initial D 2nd Stage - 12 ,https://www.cda.pl/video/5562210c6,ppaczka
Initial D 2nd Stage - 10 ,https://www.cda.pl/video/556220707,ppaczka
Initial D 2nd Stage - 08 ,https://www.cda.pl/video/55622019a,ppaczka
Initial D 2nd Stage - 07 ,https://www.cda.pl/video/556219819,ppaczka
Initial D 2nd Stage - 06 ,https://www.cda.pl/video/556219598,ppaczka
Initial D 2nd Stage - 03 ,https://www.cda.pl/video/5562186eb,ppaczka
Initial D 2nd Stage - 02 ,https://www.cda.pl/video/55621835c,ppaczka
Initial D 2nd Stage - 01 ,https://www.cda.pl/video/5562180e7,ppaczka
Aleksander Jabonowski na wzgórzu śpiących żołnierzy - Ewa Mackiewicz Kopiec Powstania Warszawskie... ,https://www.cda.pl/video/55621507a,anonim
TFR Season 6: Episode 6 ,https://www.cda.pl/video/556108896,asseter
Chip n Dale Rescue Rangers. E43. Rescue Rangers to the Rescue Part 3.PL HD ,https://www.cda.pl/video/5561958b9,Kacper1996PL
TFR Season 6: Episode 3 ,https://www.cda.pl/video/5561097b0,asseter
Paszport Suwerena ARIOWIE ,https://www.cda.pl/video/5561523fe,pollechicki
Po tamtej stronie drzwi (2016) ,https://www.cda.pl/video/556194077,alawar
Idealny facet (2015) ,https://www.cda.pl/video/556193168,alawar
X-Men 2 (2003) ,https://www.cda.pl/video/5561853eb,alawar
Gracz (2014) ,https://www.cda.pl/video/5561910de,alawar
"Dziewczyna, która została królem (2015) ",https://www.cda.pl/video/5561895a7,alawar
Dziewczyny śmierci (2015) ,https://www.cda.pl/video/55619255f,alawar
Chip n Dale Rescue Rangers. E42. Rescue Rangers to the Rescue Part 2.PL HD ,https://www.cda.pl/video/55619013d,Kacper1996PL
Straight Outta Compton (2015) ,https://www.cda.pl/video/556183237,alawar
Savages: Ponad bezprawiem (2012) Lekto PL ,https://www.cda.pl/video/5561685e5,solowski1978
Prosty fart (MMXIX) komedia ,https://www.cda.pl/video/5561715c0,tomus76
Zaktualizowany (MMXVIII) Akcja Sci-fi ,https://www.cda.pl/video/556171298,tomus76
TFR Season 6: Episode 1 ,https://www.cda.pl/video/556110385,asseter
Sword Art Online: Alicization - War of Underworld 16 ,https://www.cda.pl/video/55616796d,kirito21
No Escape. (2015) Lektor PL ,https://www.cda.pl/video/556164628,solowski1978
Initial D 2nd Stage - 04 ,https://www.cda.pl/video/55622224c,ppaczka
Initial D 2nd Stage - 11 ,https://www.cda.pl/video/55622168c,ppaczka
Initial D 2nd Stage - 13 ,https://www.cda.pl/video/556221308,ppaczka
Initial D 2nd Stage - 12 ,https://www.cda.pl/video/5562210c6,ppaczka
Initial D 2nd Stage - 10 ,https://www.cda.pl/video/556220707,ppaczka
Initial D 2nd Stage - 08 ,https://www.cda.pl/video/55622019a,ppaczka
Initial D 2nd Stage - 07 ,https://www.cda.pl/video/556219819,ppaczka
Initial D 2nd Stage - 06 ,https://www.cda.pl/video/556219598,ppaczka
Initial D 2nd Stage - 03 ,https://www.cda.pl/video/5562186eb,ppaczka
Initial D 2nd Stage - 02 ,https://www.cda.pl/video/55621835c,ppaczka
Initial D 2nd Stage - 01 ,https://www.cda.pl/video/5562180e7,ppaczka
Aleksander Jabonowski na wzgórzu śpiących żołnierzy - Ewa Mackiewicz Kopiec Powstania Warszawskie... ,https://www.cda.pl/video/55621507a,anonim
TFR Season 6: Episode 6 ,https://www.cda.pl/video/556108896,asseter
Chip n Dale Rescue Rangers. E43. Rescue Rangers to the Rescue Part 3.PL HD ,https://www.cda.pl/video/5561958b9,Kacper1996PL
TFR Season 6: Episode 3 ,https://www.cda.pl/video/5561097b0,asseter
Paszport Suwerena ARIOWIE ,https://www.cda.pl/video/5561523fe,pollechicki
Po tamtej stronie drzwi (2016) ,https://www.cda.pl/video/556194077,alawar
Idealny facet (2015) ,https://www.cda.pl/video/556193168,alawar
X-Men 2 (2003) ,https://www.cda.pl/video/5561853eb,alawar
Gracz (2014) ,https://www.cda.pl/video/5561910de,alawar
"Dziewczyna, która została królem (2015) ",https://www.cda.pl/video/5561895a7,alawar
Dziewczyny śmierci (2015) ,https://www.cda.pl/video/55619255f,alawar
Chip n Dale Rescue Rangers. E42. Rescue Rangers to the Rescue Part 2.PL HD ,https://www.cda.pl/video/55619013d,Kacper1996PL
Straight Outta Compton (2015) ,https://www.cda.pl/video/556183237,alawar
Savages: Ponad bezprawiem (2012) Lekto PL ,https://www.cda.pl/video/5561685e5,solowski1978
Prosty fart (MMXIX) komedia ,https://www.cda.pl/video/5561715c0,tomus76
Zaktualizowany (MMXVIII) Akcja Sci-fi ,https://www.cda.pl/video/556171298,tomus76
TFR Season 6: Episode 1 ,https://www.cda.pl/video/556110385,asseter
Sword Art Online: Alicization - War of Underworld 16 ,https://www.cda.pl/video/55616796d,kirito21
No Escape. (2015) Lektor PL ,https://www.cda.pl/video/556164628,solowski1978
Initial D 2nd Stage - 04 ,https://www.cda.pl/video/55622224c,ppaczka
Initial D 2nd Stage - 11 ,https://www.cda.pl/video/55622168c,ppaczka
Initial D 2nd Stage - 13 ,https://www.cda.pl/video/556221308,ppaczka
Initial D 2nd Stage - 12 ,https://www.cda.pl/video/5562210c6,ppaczka
Initial D 2nd Stage - 10 ,https://www.cda.pl/video/556220707,ppaczka
Initial D 2nd Stage - 08 ,https://www.cda.pl/video/55622019a,ppaczka
Initial D 2nd Stage - 07 ,https://www.cda.pl/video/556219819,ppaczka
Initial D 2nd Stage - 06 ,https://www.cda.pl/video/556219598,ppaczka
Initial D 2nd Stage - 03 ,https://www.cda.pl/video/5562186eb,ppaczka
Initial D 2nd Stage - 02 ,https://www.cda.pl/video/55621835c,ppaczka
Initial D 2nd Stage - 01 ,https://www.cda.pl/video/5562180e7,ppaczka
Aleksander Jabonowski na wzgórzu śpiących żołnierzy - Ewa Mackiewicz Kopiec Powstania Warszawskie... ,https://www.cda.pl/video/55621507a,anonim
TFR Season 6: Episode 6 ,https://www.cda.pl/video/556108896,asseter
Chip n Dale Rescue Rangers. E43. Rescue Rangers to the Rescue Part 3.PL HD ,https://www.cda.pl/video/5561958b9,Kacper1996PL
TFR Season 6: Episode 3 ,https://www.cda.pl/video/5561097b0,asseter
Paszport Suwerena ARIOWIE ,https://www.cda.pl/video/5561523fe,pollechicki
Po tamtej stronie drzwi (2016) ,https://www.cda.pl/video/556194077,alawar
Idealny facet (2015) ,https://www.cda.pl/video/556193168,alawar
X-Men 2 (2003) ,https://www.cda.pl/video/5561853eb,alawar
Gracz (2014) ,https://www.cda.pl/video/5561910de,alawar
"Dziewczyna, która została królem (2015) ",https://www.cda.pl/video/5561895a7,alawar
Dziewczyny śmierci (2015) ,https://www.cda.pl/video/55619255f,alawar
Chip n Dale Rescue Rangers. E42. Rescue Rangers to the Rescue Part 2.PL HD ,https://www.cda.pl/video/55619013d,Kacper1996PL
Straight Outta Compton (2015) ,https://www.cda.pl/video/556183237,alawar
Savages: Ponad bezprawiem (2012) Lekto PL ,https://www.cda.pl/video/5561685e5,solowski1978
Prosty fart (MMXIX) komedia ,https://www.cda.pl/video/5561715c0,tomus76
Zaktualizowany (MMXVIII) Akcja Sci-fi ,https://www.cda.pl/video/556171298,tomus76
TFR Season 6: Episode 1 ,https://www.cda.pl/video/556110385,asseter
Sword Art Online: Alicization - War of Underworld 16 ,https://www.cda.pl/video/55616796d,kirito21
No Escape. (2015) Lektor PL ,https://www.cda.pl/video/556164628,solowski1978
Initial D 2nd Stage - 04 ,https://www.cda.pl/video/55622224c,ppaczka
Initial D 2nd Stage - 11 ,https://www.cda.pl/video/55622168c,ppaczka
Initial D 2nd Stage - 13 ,https://www.cda.pl/video/556221308,ppaczka
Initial D 2nd Stage - 12 ,https://www.cda.pl/video/5562210c6,ppaczka
Initial D 2nd Stage - 10 ,https://www.cda.pl/video/556220707,ppaczka
Initial D 2nd Stage - 08 ,https://www.cda.pl/video/55622019a,ppaczka
Initial D 2nd Stage - 07 ,https://www.cda.pl/video/556219819,ppaczka
Initial D 2nd Stage - 06 ,https://www.cda.pl/video/556219598,ppaczka
Initial D 2nd Stage - 03 ,https://www.cda.pl/video/5562186eb,ppaczka
Initial D 2nd Stage - 02 ,https://www.cda.pl/video/55621835c,ppaczka
Initial D 2nd Stage - 01 ,https://www.cda.pl/video/5562180e7,ppaczka
Aleksander Jabonowski na wzgórzu śpiących żołnierzy - Ewa Mackiewicz Kopiec Powstania Warszawskie... ,https://www.cda.pl/video/55621507a,anonim
TFR Season 6: Episode 6 ,https://www.cda.pl/video/556108896,asseter
Chip n Dale Rescue Rangers. E43. Rescue Rangers to the Rescue Part 3.PL HD ,https://www.cda.pl/video/5561958b9,Kacper1996PL
TFR Season 6: Episode 3 ,https://www.cda.pl/video/5561097b0,asseter
Paszport Suwerena ARIOWIE ,https://www.cda.pl/video/5561523fe,pollechicki
Po tamtej stronie drzwi (2016) ,https://www.cda.pl/video/556194077,alawar
Idealny facet (2015) ,https://www.cda.pl/video/556193168,alawar
X-Men 2 (2003) ,https://www.cda.pl/video/5561853eb,alawar
Gracz (2014) ,https://www.cda.pl/video/5561910de,alawar
"Dziewczyna, która została królem (2015) ",https://www.cda.pl/video/5561895a7,alawar
Dziewczyny śmierci (2015) ,https://www.cda.pl/video/55619255f,alawar
Chip n Dale Rescue Rangers. E42. Rescue Rangers to the Rescue Part 2.PL HD ,https://www.cda.pl/video/55619013d,Kacper1996PL
Straight Outta Compton (2015) ,https://www.cda.pl/video/556183237,alawar
Savages: Ponad bezprawiem (2012) Lekto PL ,https://www.cda.pl/video/5561685e5,solowski1978
Prosty fart (MMXIX) komedia ,https://www.cda.pl/video/5561715c0,tomus76
Zaktualizowany (MMXVIII) Akcja Sci-fi ,https://www.cda.pl/video/556171298,tomus76
TFR Season 6: Episode 1 ,https://www.cda.pl/video/556110385,asseter
Sword Art Online: Alicization - War of Underworld 16 ,https://www.cda.pl/video/55616796d,kirito21
No Escape. (2015) Lektor PL ,https://www.cda.pl/video/556164628,solowski1978
Initial D 2nd Stage - 04 ,https://www.cda.pl/video/55622224c,ppaczka
Initial D 2nd Stage - 11 ,https://www.cda.pl/video/55622168c,ppaczka
Initial D 2nd Stage - 13 ,https://www.cda.pl/video/556221308,ppaczka
Initial D 2nd Stage - 12 ,https://www.cda.pl/video/5562210c6,ppaczka
Initial D 2nd Stage - 10 ,https://www.cda.pl/video/556220707,ppaczka
Initial D 2nd Stage - 08 ,https://www.cda.pl/video/55622019a,ppaczka
Initial D 2nd Stage - 07 ,https://www.cda.pl/video/556219819,ppaczka
Initial D 2nd Stage - 06 ,https://www.cda.pl/video/556219598,ppaczka
Initial D 2nd Stage - 03 ,https://www.cda.pl/video/5562186eb,ppaczka
Initial D 2nd Stage - 02 ,https://www.cda.pl/video/55621835c,ppaczka
Initial D 2nd Stage - 01 ,https://www.cda.pl/video/5562180e7,ppaczka
Aleksander Jabonowski na wzgórzu śpiących żołnierzy - Ewa Mackiewicz Kopiec Powstania Warszawskie... ,https://www.cda.pl/video/55621507a,anonim
TFR Season 6: Episode 6 ,https://www.cda.pl/video/556108896,asseter
Chip n Dale Rescue Rangers. E43. Rescue Rangers to the Rescue Part 3.PL HD ,https://www.cda.pl/video/5561958b9,Kacper1996PL
TFR Season 6: Episode 3 ,https://www.cda.pl/video/5561097b0,asseter
Paszport Suwerena ARIOWIE ,https://www.cda.pl/video/5561523fe,pollechicki
Po tamtej stronie drzwi (2016) ,https://www.cda.pl/video/556194077,alawar
Idealny facet (2015) ,https://www.cda.pl/video/556193168,alawar
X-Men 2 (2003) ,https://www.cda.pl/video/5561853eb,alawar
Gracz (2014) ,https://www.cda.pl/video/5561910de,alawar
"Dziewczyna, która została królem (2015) ",https://www.cda.pl/video/5561895a7,alawar
Dziewczyny śmierci (2015) ,https://www.cda.pl/video/55619255f,alawar
Chip n Dale Rescue Rangers. E42. Rescue Rangers to the Rescue Part 2.PL HD ,https://www.cda.pl/video/55619013d,Kacper1996PL
Straight Outta Compton (2015) ,https://www.cda.pl/video/556183237,alawar
Savages: Ponad bezprawiem (2012) Lekto PL ,https://www.cda.pl/video/5561685e5,solowski1978
Prosty fart (MMXIX) komedia ,https://www.cda.pl/video/5561715c0,tomus76
Zaktualizowany (MMXVIII) Akcja Sci-fi ,https://www.cda.pl/video/556171298,tomus76
TFR Season 6: Episode 1 ,https://www.cda.pl/video/556110385,asseter
Sword Art Online: Alicization - War of Underworld 16 ,https://www.cda.pl/video/55616796d,kirito21
No Escape. (2015) Lektor PL ,https://www.cda.pl/video/556164628,solowski1978
Initial D 2nd Stage - 04 ,https://www.cda.pl/video/55622224c,ppaczka
Initial D 2nd Stage - 11 ,https://www.cda.pl/video/55622168c,ppaczka
Initial D 2nd Stage - 13 ,https://www.cda.pl/video/556221308,ppaczka
Initial D 2nd Stage - 12 ,https://www.cda.pl/video/5562210c6,ppaczka
Initial D 2nd Stage - 10 ,https://www.cda.pl/video/556220707,ppaczka
Initial D 2nd Stage - 08 ,https://www.cda.pl/video/55622019a,ppaczka
Initial D 2nd Stage - 07 ,https://www.cda.pl/video/556219819,ppaczka
Initial D 2nd Stage - 06 ,https://www.cda.pl/video/556219598,ppaczka
Initial D 2nd Stage - 03 ,https://www.cda.pl/video/5562186eb,ppaczka
Initial D 2nd Stage - 02 ,https://www.cda.pl/video/55621835c,ppaczka
Initial D 2nd Stage - 01 ,https://www.cda.pl/video/5562180e7,ppaczka
Aleksander Jabonowski na wzgórzu śpiących żołnierzy - Ewa Mackiewicz Kopiec Powstania Warszawskie... ,https://www.cda.pl/video/55621507a,anonim
TFR Season 6: Episode 6 ,https://www.cda.pl/video/556108896,asseter
Chip n Dale Rescue Rangers. E43. Rescue Rangers to the Rescue Part 3.PL HD ,https://www.cda.pl/video/5561958b9,Kacper1996PL
TFR Season 6: Episode 3 ,https://www.cda.pl/video/5561097b0,asseter
Paszport Suwerena ARIOWIE ,https://www.cda.pl/video/5561523fe,pollechicki
Po tamtej stronie drzwi (2016) ,https://www.cda.pl/video/556194077,alawar
Idealny facet (2015) ,https://www.cda.pl/video/556193168,alawar
X-Men 2 (2003) ,https://www.cda.pl/video/5561853eb,alawar
Gracz (2014) ,https://www.cda.pl/video/5561910de,alawar
"Dziewczyna, która została królem (2015) ",https://www.cda.pl/video/5561895a7,alawar
Dziewczyny śmierci (2015) ,https://www.cda.pl/video/55619255f,alawar
Chip n Dale Rescue Rangers. E42. Rescue Rangers to the Rescue Part 2.PL HD ,https://www.cda.pl/video/55619013d,Kacper1996PL
Straight Outta Compton (2015) ,https://www.cda.pl/video/556183237,alawar
Savages: Ponad bezprawiem (2012) Lekto PL ,https://www.cda.pl/video/5561685e5,solowski1978
Prosty fart (MMXIX) komedia ,https://www.cda.pl/video/5561715c0,tomus76
Zaktualizowany (MMXVIII) Akcja Sci-fi ,https://www.cda.pl/video/556171298,tomus76
TFR Season 6: Episode 1 ,https://www.cda.pl/video/556110385,asseter
Sword Art Online: Alicization - War of Underworld 16 ,https://www.cda.pl/video/55616796d,kirito21
No Escape. (2015) Lektor PL ,https://www.cda.pl/video/556164628,solowski1978
Initial D 2nd Stage - 04 ,https://www.cda.pl/video/55622224c,ppaczka
Initial D 2nd Stage - 11 ,https://www.cda.pl/video/55622168c,ppaczka
Initial D 2nd Stage - 13 ,https://www.cda.pl/video/556221308,ppaczka
Initial D 2nd Stage - 12 ,https://www.cda.pl/video/5562210c6,ppaczka
Initial D 2nd Stage - 10 ,https://www.cda.pl/video/556220707,ppaczka
Initial D 2nd Stage - 08 ,https://www.cda.pl/video/55622019a,ppaczka
Initial D 2nd Stage - 07 ,https://www.cda.pl/video/556219819,ppaczka
Initial D 2nd Stage - 06 ,https://www.cda.pl/video/556219598,ppaczka
Initial D 2nd Stage - 03 ,https://www.cda.pl/video/5562186eb,ppaczka
Initial D 2nd Stage - 02 ,https://www.cda.pl/video/55621835c,ppaczka
Initial D 2nd Stage - 01 ,https://www.cda.pl/video/5562180e7,ppaczka
Aleksander Jabonowski na wzgórzu śpiących żołnierzy - Ewa Mackiewicz Kopiec Powstania Warszawskie... ,https://www.cda.pl/video/55621507a,anonim
TFR Season 6: Episode 6 ,https://www.cda.pl/video/556108896,asseter
Chip n Dale Rescue Rangers. E43. Rescue Rangers to the Rescue Part 3.PL HD ,https://www.cda.pl/video/5561958b9,Kacper1996PL
TFR Season 6: Episode 3 ,https://www.cda.pl/video/5561097b0,asseter
Paszport Suwerena ARIOWIE ,https://www.cda.pl/video/5561523fe,pollechicki
Po tamtej stronie drzwi (2016) ,https://www.cda.pl/video/556194077,alawar
Idealny facet (2015) ,https://www.cda.pl/video/556193168,alawar
X-Men 2 (2003) ,https://www.cda.pl/video/5561853eb,alawar
Gracz (2014) ,https://www.cda.pl/video/5561910de,alawar
"Dziewczyna, która została królem (2015) ",https://www.cda.pl/video/5561895a7,alawar
Dziewczyny śmierci (2015) ,https://www.cda.pl/video/55619255f,alawar
Chip n Dale Rescue Rangers. E42. Rescue Rangers to the Rescue Part 2.PL HD ,https://www.cda.pl/video/55619013d,Kacper1996PL
Straight Outta Compton (2015) ,https://www.cda.pl/video/556183237,alawar
Savages: Ponad bezprawiem (2012) Lekto PL ,https://www.cda.pl/video/5561685e5,solowski1978
Prosty fart (MMXIX) komedia ,https://www.cda.pl/video/5561715c0,tomus76
Zaktualizowany (MMXVIII) Akcja Sci-fi ,https://www.cda.pl/video/556171298,tomus76
TFR Season 6: Episode 1 ,https://www.cda.pl/video/556110385,asseter
Sword Art Online: Alicization - War of Underworld 16 ,https://www.cda.pl/video/55616796d,kirito21
No Escape. (2015) Lektor PL ,https://www.cda.pl/video/556164628,solowski1978
Initial D 2nd Stage - 04 ,https://www.cda.pl/video/55622224c,ppaczka
Initial D 2nd Stage - 11 ,https://www.cda.pl/video/55622168c,ppaczka
Initial D 2nd Stage - 13 ,https://www.cda.pl/video/556221308,ppaczka
Initial D 2nd Stage - 12 ,https://www.cda.pl/video/5562210c6,ppaczka
Initial D 2nd Stage - 10 ,https://www.cda.pl/video/556220707,ppaczka
Initial D 2nd Stage - 08 ,https://www.cda.pl/video/55622019a,ppaczka
Initial D 2nd Stage - 07 ,https://www.cda.pl/video/556219819,ppaczka
Initial D 2nd Stage - 06 ,https://www.cda.pl/video/556219598,ppaczka
Initial D 2nd Stage - 03 ,https://www.cda.pl/video/5562186eb,ppaczka
Initial D 2nd Stage - 02 ,https://www.cda.pl/video/55621835c,ppaczka
Initial D 2nd Stage - 01 ,https://www.cda.pl/video/5562180e7,ppaczka
Aleksander Jabonowski na wzgórzu śpiących żołnierzy - Ewa Mackiewicz Kopiec Powstania Warszawskie... ,https://www.cda.pl/video/55621507a,anonim
TFR Season 6: Episode 6 ,https://www.cda.pl/video/556108896,asseter
Chip n Dale Rescue Rangers. E43. Rescue Rangers to the Rescue Part 3.PL HD ,https://www.cda.pl/video/5561958b9,Kacper1996PL
TFR Season 6: Episode 3 ,https://www.cda.pl/video/5561097b0,asseter
Paszport Suwerena ARIOWIE ,https://www.cda.pl/video/5561523fe,pollechicki
Po tamtej stronie drzwi (2016) ,https://www.cda.pl/video/556194077,alawar
Idealny facet (2015) ,https://www.cda.pl/video/556193168,alawar
X-Men 2 (2003) ,https://www.cda.pl/video/5561853eb,alawar
Gracz (2014) ,https://www.cda.pl/video/5561910de,alawar
"Dziewczyna, która została królem (2015) ",https://www.cda.pl/video/5561895a7,alawar
Dziewczyny śmierci (2015) ,https://www.cda.pl/video/55619255f,alawar
Chip n Dale Rescue Rangers. E42. Rescue Rangers to the Rescue Part 2.PL HD ,https://www.cda.pl/video/55619013d,Kacper1996PL
Straight Outta Compton (2015) ,https://www.cda.pl/video/556183237,alawar
Savages: Ponad bezprawiem (2012) Lekto PL ,https://www.cda.pl/video/5561685e5,solowski1978
Prosty fart (MMXIX) komedia ,https://www.cda.pl/video/5561715c0,tomus76
Zaktualizowany (MMXVIII) Akcja Sci-fi ,https://www.cda.pl/video/556171298,tomus76
TFR Season 6: Episode 1 ,https://www.cda.pl/video/556110385,asseter
Sword Art Online: Alicization - War of Underworld 16 ,https://www.cda.pl/video/55616796d,kirito21
No Escape. (2015) Lektor PL ,https://www.cda.pl/video/556164628,solowski1978
Initial D 2nd Stage - 04 ,https://www.cda.pl/video/55622224c,ppaczka
Initial D 2nd Stage - 11 ,https://www.cda.pl/video/55622168c,ppaczka
Initial D 2nd Stage - 13 ,https://www.cda.pl/video/556221308,ppaczka
Initial D 2nd Stage - 12 ,https://www.cda.pl/video/5562210c6,ppaczka
Initial D 2nd Stage - 10 ,https://www.cda.pl/video/556220707,ppaczka
Initial D 2nd Stage - 08 ,https://www.cda.pl/video/55622019a,ppaczka
Initial D 2nd Stage - 07 ,https://www.cda.pl/video/556219819,ppaczka
Initial D 2nd Stage - 06 ,https://www.cda.pl/video/556219598,ppaczka
Initial D 2nd Stage - 03 ,https://www.cda.pl/video/5562186eb,ppaczka
Initial D 2nd Stage - 02 ,https://www.cda.pl/video/55621835c,ppaczka
Initial D 2nd Stage - 01 ,https://www.cda.pl/video/5562180e7,ppaczka
Aleksander Jabonowski na wzgórzu śpiących żołnierzy - Ewa Mackiewicz Kopiec Powstania Warszawskie... ,https://www.cda.pl/video/55621507a,anonim
TFR Season 6: Episode 6 ,https://www.cda.pl/video/556108896,asseter
Chip n Dale Rescue Rangers. E43. Rescue Rangers to the Rescue Part 3.PL HD ,https://www.cda.pl/video/5561958b9,Kacper1996PL
TFR Season 6: Episode 3 ,https://www.cda.pl/video/5561097b0,asseter
Paszport Suwerena ARIOWIE ,https://www.cda.pl/video/5561523fe,pollechicki
Po tamtej stronie drzwi (2016) ,https://www.cda.pl/video/556194077,alawar
Idealny facet (2015) ,https://www.cda.pl/video/556193168,alawar
X-Men 2 (2003) ,https://www.cda.pl/video/5561853eb,alawar
Gracz (2014) ,https://www.cda.pl/video/5561910de,alawar
"Dziewczyna, która została królem (2015) ",https://www.cda.pl/video/5561895a7,alawar
Dziewczyny śmierci (2015) ,https://www.cda.pl/video/55619255f,alawar
Chip n Dale Rescue Rangers. E42. Rescue Rangers to the Rescue Part 2.PL HD ,https://www.cda.pl/video/55619013d,Kacper1996PL
Straight Outta Compton (2015) ,https://www.cda.pl/video/556183237,alawar
Savages: Ponad bezprawiem (2012) Lekto PL ,https://www.cda.pl/video/5561685e5,solowski1978
Prosty fart (MMXIX) komedia ,https://www.cda.pl/video/5561715c0,tomus76
Zaktualizowany (MMXVIII) Akcja Sci-fi ,https://www.cda.pl/video/556171298,tomus76
TFR Season 6: Episode 1 ,https://www.cda.pl/video/556110385,asseter
Sword Art Online: Alicization - War of Underworld 16 ,https://www.cda.pl/video/55616796d,kirito21
No Escape. (2015) Lektor PL ,https://www.cda.pl/video/556164628,solowski1978
Initial D 2nd Stage - 04 ,https://www.cda.pl/video/55622224c,ppaczka
Initial D 2nd Stage - 11 ,https://www.cda.pl/video/55622168c,ppaczka
Initial D 2nd Stage - 13 ,https://www.cda.pl/video/556221308,ppaczka
Initial D 2nd Stage - 12 ,https://www.cda.pl/video/5562210c6,ppaczka
Initial D 2nd Stage - 10 ,https://www.cda.pl/video/556220707,ppaczka
Initial D 2nd Stage - 08 ,https://www.cda.pl/video/55622019a,ppaczka
Initial D 2nd Stage - 07 ,https://www.cda.pl/video/556219819,ppaczka
Initial D 2nd Stage - 06 ,https://www.cda.pl/video/556219598,ppaczka
Initial D 2nd Stage - 03 ,https://www.cda.pl/video/5562186eb,ppaczka
Initial D 2nd Stage - 02 ,https://www.cda.pl/video/55621835c,ppaczka
Initial D 2nd Stage - 01 ,https://www.cda.pl/video/5562180e7,ppaczka
Aleksander Jabonowski na wzgórzu śpiących żołnierzy - Ewa Mackiewicz Kopiec Powstania Warszawskie... ,https://www.cda.pl/video/55621507a,anonim
TFR Season 6: Episode 6 ,https://www.cda.pl/video/556108896,asseter
Chip n Dale Rescue Rangers. E43. Rescue Rangers to the Rescue Part 3.PL HD ,https://www.cda.pl/video/5561958b9,Kacper1996PL
TFR Season 6: Episode 3 ,https://www.cda.pl/video/5561097b0,asseter
Paszport Suwerena ARIOWIE ,https://www.cda.pl/video/5561523fe,pollechicki
Po tamtej stronie drzwi (2016) ,https://www.cda.pl/video/556194077,alawar
Idealny facet (2015) ,https://www.cda.pl/video/556193168,alawar
X-Men 2 (2003) ,https://www.cda.pl/video/5561853eb,alawar
Gracz (2014) ,https://www.cda.pl/video/5561910de,alawar
"Dziewczyna, która została królem (2015) ",https://www.cda.pl/video/5561895a7,alawar
Dziewczyny śmierci (2015) ,https://www.cda.pl/video/55619255f,alawar
Chip n Dale Rescue Rangers. E42. Rescue Rangers to the Rescue Part 2.PL HD ,https://www.cda.pl/video/55619013d,Kacper1996PL
Straight Outta Compton (2015) ,https://www.cda.pl/video/556183237,alawar
Savages: Ponad bezprawiem (2012) Lekto PL ,https://www.cda.pl/video/5561685e5,solowski1978
Prosty fart (MMXIX) komedia ,https://www.cda.pl/video/5561715c0,tomus76
Zaktualizowany (MMXVIII) Akcja Sci-fi ,https://www.cda.pl/video/556171298,tomus76
TFR Season 6: Episode 1 ,https://www.cda.pl/video/556110385,asseter
Sword Art Online: Alicization - War of Underworld 16 ,https://www.cda.pl/video/55616796d,kirito21
No Escape. (2015) Lektor PL ,https://www.cda.pl/video/556164628,solowski1978
Initial D 2nd Stage - 04 ,https://www.cda.pl/video/55622224c,ppaczka
Initial D 2nd Stage - 11 ,https://www.cda.pl/video/55622168c,ppaczka
Initial D 2nd Stage - 13 ,https://www.cda.pl/video/556221308,ppaczka
Initial D 2nd Stage - 12 ,https://www.cda.pl/video/5562210c6,ppaczka
Initial D 2nd Stage - 10 ,https://www.cda.pl/video/556220707,ppaczka
Initial D 2nd Stage - 08 ,https://www.cda.pl/video/55622019a,ppaczka
Initial D 2nd Stage - 07 ,https://www.cda.pl/video/556219819,ppaczka
Initial D 2nd Stage - 06 ,https://www.cda.pl/video/556219598,ppaczka
Initial D 2nd Stage - 03 ,https://www.cda.pl/video/5562186eb,ppaczka
Initial D 2nd Stage - 02 ,https://www.cda.pl/video/55621835c,ppaczka
Initial D 2nd Stage - 01 ,https://www.cda.pl/video/5562180e7,ppaczka
Aleksander Jabonowski na wzgórzu śpiących żołnierzy - Ewa Mackiewicz Kopiec Powstania Warszawskie... ,https://www.cda.pl/video/55621507a,anonim
TFR Season 6: Episode 6 ,https://www.cda.pl/video/556108896,asseter
Chip n Dale Rescue Rangers. E43. Rescue Rangers to the Rescue Part 3.PL HD ,https://www.cda.pl/video/5561958b9,Kacper1996PL
TFR Season 6: Episode 3 ,https://www.cda.pl/video/5561097b0,asseter
Paszport Suwerena ARIOWIE ,https://www.cda.pl/video/5561523fe,pollechicki
Po tamtej stronie drzwi (2016) ,https://www.cda.pl/video/556194077,alawar
Idealny facet (2015) ,https://www.cda.pl/video/556193168,alawar
X-Men 2 (2003) ,https://www.cda.pl/video/5561853eb,alawar
Gracz (2014) ,https://www.cda.pl/video/5561910de,alawar
"Dziewczyna, która została królem (2015) ",https://www.cda.pl/video/5561895a7,alawar
Dziewczyny śmierci (2015) ,https://www.cda.pl/video/55619255f,alawar
Chip n Dale Rescue Rangers. E42. Rescue Rangers to the Rescue Part 2.PL HD ,https://www.cda.pl/video/55619013d,Kacper1996PL
Straight Outta Compton (2015) ,https://www.cda.pl/video/556183237,alawar
Savages: Ponad bezprawiem (2012) Lekto PL ,https://www.cda.pl/video/5561685e5,solowski1978
Prosty fart (MMXIX) komedia ,https://www.cda.pl/video/5561715c0,tomus76
Zaktualizowany (MMXVIII) Akcja Sci-fi ,https://www.cda.pl/video/556171298,tomus76
TFR Season 6: Episode 1 ,https://www.cda.pl/video/556110385,asseter
Sword Art Online: Alicization - War of Underworld 16 ,https://www.cda.pl/video/55616796d,kirito21
No Escape. (2015) Lektor PL ,https://www.cda.pl/video/556164628,solowski1978
Initial D 2nd Stage - 04 ,https://www.cda.pl/video/55622224c,ppaczka
Initial D 2nd Stage - 11 ,https://www.cda.pl/video/55622168c,ppaczka
Initial D 2nd Stage - 13 ,https://www.cda.pl/video/556221308,ppaczka
Initial D 2nd Stage - 12 ,https://www.cda.pl/video/5562210c6,ppaczka
Initial D 2nd Stage - 10 ,https://www.cda.pl/video/556220707,ppaczka
Initial D 2nd Stage - 08 ,https://www.cda.pl/video/55622019a,ppaczka
Initial D 2nd Stage - 07 ,https://www.cda.pl/video/556219819,ppaczka
Initial D 2nd Stage - 06 ,https://www.cda.pl/video/556219598,ppaczka
Initial D 2nd Stage - 03 ,https://www.cda.pl/video/5562186eb,ppaczka
Initial D 2nd Stage - 02 ,https://www.cda.pl/video/55621835c,ppaczka
Initial D 2nd Stage - 01 ,https://www.cda.pl/video/5562180e7,ppaczka
Aleksander Jabonowski na wzgórzu śpiących żołnierzy - Ewa Mackiewicz Kopiec Powstania Warszawskie... ,https://www.cda.pl/video/55621507a,anonim
TFR Season 6: Episode 6 ,https://www.cda.pl/video/556108896,asseter
Chip n Dale Rescue Rangers. E43. Rescue Rangers to the Rescue Part 3.PL HD ,https://www.cda.pl/video/5561958b9,Kacper1996PL
TFR Season 6: Episode 3 ,https://www.cda.pl/video/5561097b0,asseter
Paszport Suwerena ARIOWIE ,https://www.cda.pl/video/5561523fe,pollechicki
Po tamtej stronie drzwi (2016) ,https://www.cda.pl/video/556194077,alawar
Idealny facet (2015) ,https://www.cda.pl/video/556193168,alawar
X-Men 2 (2003) ,https://www.cda.pl/video/5561853eb,alawar
Gracz (2014) ,https://www.cda.pl/video/5561910de,alawar
"Dziewczyna, która została królem (2015) ",https://www.cda.pl/video/5561895a7,alawar
Dziewczyny śmierci (2015) ,https://www.cda.pl/video/55619255f,alawar
Chip n Dale Rescue Rangers. E42. Rescue Rangers to the Rescue Part 2.PL HD ,https://www.cda.pl/video/55619013d,Kacper1996PL
Straight Outta Compton (2015) ,https://www.cda.pl/video/556183237,alawar
Savages: Ponad bezprawiem (2012) Lekto PL ,https://www.cda.pl/video/5561685e5,solowski1978
Prosty fart (MMXIX) komedia ,https://www.cda.pl/video/5561715c0,tomus76
Zaktualizowany (MMXVIII) Akcja Sci-fi ,https://www.cda.pl/video/556171298,tomus76
TFR Season 6: Episode 1 ,https://www.cda.pl/video/556110385,asseter
Sword Art Online: Alicization - War of Underworld 16 ,https://www.cda.pl/video/55616796d,kirito21
No Escape. (2015) Lektor PL ,https://www.cda.pl/video/556164628,solowski1978
Initial D 2nd Stage - 04 ,https://www.cda.pl/video/55622224c,ppaczka
Initial D 2nd Stage - 11 ,https://www.cda.pl/video/55622168c,ppaczka
Initial D 2nd Stage - 13 ,https://www.cda.pl/video/556221308,ppaczka
Initial D 2nd Stage - 12 ,https://www.cda.pl/video/5562210c6,ppaczka
Initial D 2nd Stage - 10 ,https://www.cda.pl/video/556220707,ppaczka
Initial D 2nd Stage - 08 ,https://www.cda.pl/video/55622019a,ppaczka
Initial D 2nd Stage - 07 ,https://www.cda.pl/video/556219819,ppaczka
Initial D 2nd Stage - 06 ,https://www.cda.pl/video/556219598,ppaczka
Initial D 2nd Stage - 03 ,https://www.cda.pl/video/5562186eb,ppaczka
Initial D 2nd Stage - 02 ,https://www.cda.pl/video/55621835c,ppaczka
Initial D 2nd Stage - 01 ,https://www.cda.pl/video/5562180e7,ppaczka
Aleksander Jabonowski na wzgórzu śpiących żołnierzy - Ewa Mackiewicz Kopiec Powstania Warszawskie... ,https://www.cda.pl/video/55621507a,anonim
TFR Season 6: Episode 6 ,https://www.cda.pl/video/556108896,asseter
Chip n Dale Rescue Rangers. E43. Rescue Rangers to the Rescue Part 3.PL HD ,https://www.cda.pl/video/5561958b9,Kacper1996PL
TFR Season 6: Episode 3 ,https://www.cda.pl/video/5561097b0,asseter
Paszport Suwerena ARIOWIE ,https://www.cda.pl/video/5561523fe,pollechicki
Po tamtej stronie drzwi (2016) ,https://www.cda.pl/video/556194077,alawar
Idealny facet (2015) ,https://www.cda.pl/video/556193168,alawar
X-Men 2 (2003) ,https://www.cda.pl/video/5561853eb,alawar
Gracz (2014) ,https://www.cda.pl/video/5561910de,alawar
"Dziewczyna, która została królem (2015) ",https://www.cda.pl/video/5561895a7,alawar
Dziewczyny śmierci (2015) ,https://www.cda.pl/video/55619255f,alawar
Chip n Dale Rescue Rangers. E42. Rescue Rangers to the Rescue Part 2.PL HD ,https://www.cda.pl/video/55619013d,Kacper1996PL
Straight Outta Compton (2015) ,https://www.cda.pl/video/556183237,alawar
Savages: Ponad bezprawiem (2012) Lekto PL ,https://www.cda.pl/video/5561685e5,solowski1978
Prosty fart (MMXIX) komedia ,https://www.cda.pl/video/5561715c0,tomus76
Zaktualizowany (MMXVIII) Akcja Sci-fi ,https://www.cda.pl/video/556171298,tomus76
TFR Season 6: Episode 1 ,https://www.cda.pl/video/556110385,asseter
Sword Art Online: Alicization - War of Underworld 16 ,https://www.cda.pl/video/55616796d,kirito21
No Escape. (2015) Lektor PL ,https://www.cda.pl/video/556164628,solowski1978
Initial D 2nd Stage - 04 ,https://www.cda.pl/video/55622224c,ppaczka
Initial D 2nd Stage - 11 ,https://www.cda.pl/video/55622168c,ppaczka
Initial D 2nd Stage - 13 ,https://www.cda.pl/video/556221308,ppaczka
Initial D 2nd Stage - 12 ,https://www.cda.pl/video/5562210c6,ppaczka
Initial D 2nd Stage - 10 ,https://www.cda.pl/video/556220707,ppaczka
Initial D 2nd Stage - 08 ,https://www.cda.pl/video/55622019a,ppaczka
Initial D 2nd Stage - 07 ,https://www.cda.pl/video/556219819,ppaczka
Initial D 2nd Stage - 06 ,https://www.cda.pl/video/556219598,ppaczka
Initial D 2nd Stage - 03 ,https://www.cda.pl/video/5562186eb,ppaczka
Initial D 2nd Stage - 02 ,https://www.cda.pl/video/55621835c,ppaczka
Initial D 2nd Stage - 01 ,https://www.cda.pl/video/5562180e7,ppaczka
Aleksander Jabonowski na wzgórzu śpiących żołnierzy - Ewa Mackiewicz Kopiec Powstania Warszawskie... ,https://www.cda.pl/video/55621507a,anonim
TFR Season 6: Episode 6 ,https://www.cda.pl/video/556108896,asseter
Chip n Dale Rescue Rangers. E43. Rescue Rangers to the Rescue Part 3.PL HD ,https://www.cda.pl/video/5561958b9,Kacper1996PL
TFR Season 6: Episode 3 ,https://www.cda.pl/video/5561097b0,asseter
Paszport Suwerena ARIOWIE ,https://www.cda.pl/video/5561523fe,pollechicki
Po tamtej stronie drzwi (2016) ,https://www.cda.pl/video/556194077,alawar
Idealny facet (2015) ,https://www.cda.pl/video/556193168,alawar
X-Men 2 (2003) ,https://www.cda.pl/video/5561853eb,alawar
Gracz (2014) ,https://www.cda.pl/video/5561910de,alawar
"Dziewczyna, która została królem (2015) ",https://www.cda.pl/video/5561895a7,alawar
Dziewczyny śmierci (2015) ,https://www.cda.pl/video/55619255f,alawar
Chip n Dale Rescue Rangers. E42. Rescue Rangers to the Rescue Part 2.PL HD ,https://www.cda.pl/video/55619013d,Kacper1996PL
Straight Outta Compton (2015) ,https://www.cda.pl/video/556183237,alawar
Savages: Ponad bezprawiem (2012) Lekto PL ,https://www.cda.pl/video/5561685e5,solowski1978
Prosty fart (MMXIX) komedia ,https://www.cda.pl/video/5561715c0,tomus76
Zaktualizowany (MMXVIII) Akcja Sci-fi ,https://www.cda.pl/video/556171298,tomus76
TFR Season 6: Episode 1 ,https://www.cda.pl/video/556110385,asseter
Sword Art Online: Alicization - War of Underworld 16 ,https://www.cda.pl/video/55616796d,kirito21
No Escape. (2015) Lektor PL ,https://www.cda.pl/video/556164628,solowski1978
Initial D 2nd Stage - 04 ,https://www.cda.pl/video/55622224c,ppaczka
Initial D 2nd Stage - 11 ,https://www.cda.pl/video/55622168c,ppaczka
Initial D 2nd Stage - 13 ,https://www.cda.pl/video/556221308,ppaczka
Initial D 2nd Stage - 12 ,https://www.cda.pl/video/5562210c6,ppaczka
Initial D 2nd Stage - 10 ,https://www.cda.pl/video/556220707,ppaczka
Initial D 2nd Stage - 08 ,https://www.cda.pl/video/55622019a,ppaczka
Initial D 2nd Stage - 07 ,https://www.cda.pl/video/556219819,ppaczka
Initial D 2nd Stage - 06 ,https://www.cda.pl/video/556219598,ppaczka
Initial D 2nd Stage - 03 ,https://www.cda.pl/video/5562186eb,ppaczka
Initial D 2nd Stage - 02 ,https://www.cda.pl/video/55621835c,ppaczka
Initial D 2nd Stage - 01 ,https://www.cda.pl/video/5562180e7,ppaczka
Aleksander Jabonowski na wzgórzu śpiących żołnierzy - Ewa Mackiewicz Kopiec Powstania Warszawskie... ,https://www.cda.pl/video/55621507a,anonim
TFR Season 6: Episode 6 ,https://www.cda.pl/video/556108896,asseter
Chip n Dale Rescue Rangers. E43. Rescue Rangers to the Rescue Part 3.PL HD ,https://www.cda.pl/video/5561958b9,Kacper1996PL
TFR Season 6: Episode 3 ,https://www.cda.pl/video/5561097b0,asseter
Paszport Suwerena ARIOWIE ,https://www.cda.pl/video/5561523fe,pollechicki
Po tamtej stronie drzwi (2016) ,https://www.cda.pl/video/556194077,alawar
Idealny facet (2015) ,https://www.cda.pl/video/556193168,alawar
X-Men 2 (2003) ,https://www.cda.pl/video/5561853eb,alawar
Gracz (2014) ,https://www.cda.pl/video/5561910de,alawar
"Dziewczyna, która została królem (2015) ",https://www.cda.pl/video/5561895a7,alawar
Dziewczyny śmierci (2015) ,https://www.cda.pl/video/55619255f,alawar
Chip n Dale Rescue Rangers. E42. Rescue Rangers to the Rescue Part 2.PL HD ,https://www.cda.pl/video/55619013d,Kacper1996PL
Straight Outta Compton (2015) ,https://www.cda.pl/video/556183237,alawar
Savages: Ponad bezprawiem (2012) Lekto PL ,https://www.cda.pl/video/5561685e5,solowski1978
Prosty fart (MMXIX) komedia ,https://www.cda.pl/video/5561715c0,tomus76
Zaktualizowany (MMXVIII) Akcja Sci-fi ,https://www.cda.pl/video/556171298,tomus76
TFR Season 6: Episode 1 ,https://www.cda.pl/video/556110385,asseter
Sword Art Online: Alicization - War of Underworld 16 ,https://www.cda.pl/video/55616796d,kirito21
No Escape. (2015) Lektor PL ,https://www.cda.pl/video/556164628,solowski1978
Initial D 2nd Stage - 04 ,https://www.cda.pl/video/55622224c,ppaczka
Initial D 2nd Stage - 11 ,https://www.cda.pl/video/55622168c,ppaczka
Initial D 2nd Stage - 13 ,https://www.cda.pl/video/556221308,ppaczka
Initial D 2nd Stage - 12 ,https://www.cda.pl/video/5562210c6,ppaczka
Initial D 2nd Stage - 10 ,https://www.cda.pl/video/556220707,ppaczka
Initial D 2nd Stage - 08 ,https://www.cda.pl/video/55622019a,ppaczka
Initial D 2nd Stage - 07 ,https://www.cda.pl/video/556219819,ppaczka
Initial D 2nd Stage - 06 ,https://www.cda.pl/video/556219598,ppaczka
Initial D 2nd Stage - 03 ,https://www.cda.pl/video/5562186eb,ppaczka
Initial D 2nd Stage - 02 ,https://www.cda.pl/video/55621835c,ppaczka
Initial D 2nd Stage - 01 ,https://www.cda.pl/video/5562180e7,ppaczka
Aleksander Jabonowski na wzgórzu śpiących żołnierzy - Ewa Mackiewicz Kopiec Powstania Warszawskie... ,https://www.cda.pl/video/55621507a,anonim
TFR Season 6: Episode 6 ,https://www.cda.pl/video/556108896,asseter
Chip n Dale Rescue Rangers. E43. Rescue Rangers to the Rescue Part 3.PL HD ,https://www.cda.pl/video/5561958b9,Kacper1996PL
TFR Season 6: Episode 3 ,https://www.cda.pl/video/5561097b0,asseter
Paszport Suwerena ARIOWIE ,https://www.cda.pl/video/5561523fe,pollechicki
Po tamtej stronie drzwi (2016) ,https://www.cda.pl/video/556194077,alawar
Idealny facet (2015) ,https://www.cda.pl/video/556193168,alawar
X-Men 2 (2003) ,https://www.cda.pl/video/5561853eb,alawar
Gracz (2014) ,https://www.cda.pl/video/5561910de,alawar
"Dziewczyna, która została królem (2015) ",https://www.cda.pl/video/5561895a7,alawar
Dziewczyny śmierci (2015) ,https://www.cda.pl/video/55619255f,alawar
Chip n Dale Rescue Rangers. E42. Rescue Rangers to the Rescue Part 2.PL HD ,https://www.cda.pl/video/55619013d,Kacper1996PL
Straight Outta Compton (2015) ,https://www.cda.pl/video/556183237,alawar
Savages: Ponad bezprawiem (2012) Lekto PL ,https://www.cda.pl/video/5561685e5,solowski1978
Prosty fart (MMXIX) komedia ,https://www.cda.pl/video/5561715c0,tomus76
Zaktualizowany (MMXVIII) Akcja Sci-fi ,https://www.cda.pl/video/556171298,tomus76
TFR Season 6: Episode 1 ,https://www.cda.pl/video/556110385,asseter
Sword Art Online: Alicization - War of Underworld 16 ,https://www.cda.pl/video/55616796d,kirito21
No Escape. (2015) Lektor PL ,https://www.cda.pl/video/556164628,solowski1978
Initial D 2nd Stage - 04 ,https://www.cda.pl/video/55622224c,ppaczka
Initial D 2nd Stage - 11 ,https://www.cda.pl/video/55622168c,ppaczka
Initial D 2nd Stage - 13 ,https://www.cda.pl/video/556221308,ppaczka
Initial D 2nd Stage - 12 ,https://www.cda.pl/video/5562210c6,ppaczka
Initial D 2nd Stage - 10 ,https://www.cda.pl/video/556220707,ppaczka
Initial D 2nd Stage - 08 ,https://www.cda.pl/video/55622019a,ppaczka
Initial D 2nd Stage - 07 ,https://www.cda.pl/video/556219819,ppaczka
Initial D 2nd Stage - 06 ,https://www.cda.pl/video/556219598,ppaczka
Initial D 2nd Stage - 03 ,https://www.cda.pl/video/5562186eb,ppaczka
Initial D 2nd Stage - 02 ,https://www.cda.pl/video/55621835c,ppaczka
Initial D 2nd Stage - 01 ,https://www.cda.pl/video/5562180e7,ppaczka
Aleksander Jabonowski na wzgórzu śpiących żołnierzy - Ewa Mackiewicz Kopiec Powstania Warszawskie... ,https://www.cda.pl/video/55621507a,anonim
TFR Season 6: Episode 6 ,https://www.cda.pl/video/556108896,asseter
Chip n Dale Rescue Rangers. E43. Rescue Rangers to the Rescue Part 3.PL HD ,https://www.cda.pl/video/5561958b9,Kacper1996PL
TFR Season 6: Episode 3 ,https://www.cda.pl/video/5561097b0,asseter
Paszport Suwerena ARIOWIE ,https://www.cda.pl/video/5561523fe,pollechicki
Po tamtej stronie drzwi (2016) ,https://www.cda.pl/video/556194077,alawar
Idealny facet (2015) ,https://www.cda.pl/video/556193168,alawar
X-Men 2 (2003) ,https://www.cda.pl/video/5561853eb,alawar
Gracz (2014) ,https://www.cda.pl/video/5561910de,alawar
"Dziewczyna, która została królem (2015) ",https://www.cda.pl/video/5561895a7,alawar
Dziewczyny śmierci (2015) ,https://www.cda.pl/video/55619255f,alawar
Chip n Dale Rescue Rangers. E42. Rescue Rangers to the Rescue Part 2.PL HD ,https://www.cda.pl/video/55619013d,Kacper1996PL
Straight Outta Compton (2015) ,https://www.cda.pl/video/556183237,alawar
Savages: Ponad bezprawiem (2012) Lekto PL ,https://www.cda.pl/video/5561685e5,solowski1978
Prosty fart (MMXIX) komedia ,https://www.cda.pl/video/5561715c0,tomus76
Zaktualizowany (MMXVIII) Akcja Sci-fi ,https://www.cda.pl/video/556171298,tomus76
TFR Season 6: Episode 1 ,https://www.cda.pl/video/556110385,asseter
Sword Art Online: Alicization - War of Underworld 16 ,https://www.cda.pl/video/55616796d,kirito21
No Escape. (2015) Lektor PL ,https://www.cda.pl/video/556164628,solowski1978
Initial D 2nd Stage - 04 ,https://www.cda.pl/video/55622224c,ppaczka
Initial D 2nd Stage - 11 ,https://www.cda.pl/video/55622168c,ppaczka
Initial D 2nd Stage - 13 ,https://www.cda.pl/video/556221308,ppaczka
Initial D 2nd Stage - 12 ,https://www.cda.pl/video/5562210c6,ppaczka
Initial D 2nd Stage - 10 ,https://www.cda.pl/video/556220707,ppaczka
Initial D 2nd Stage - 08 ,https://www.cda.pl/video/55622019a,ppaczka
Initial D 2nd Stage - 07 ,https://www.cda.pl/video/556219819,ppaczka
Initial D 2nd Stage - 06 ,https://www.cda.pl/video/556219598,ppaczka
Initial D 2nd Stage - 03 ,https://www.cda.pl/video/5562186eb,ppaczka
Initial D 2nd Stage - 02 ,https://www.cda.pl/video/55621835c,ppaczka
Initial D 2nd Stage - 01 ,https://www.cda.pl/video/5562180e7,ppaczka
Aleksander Jabonowski na wzgórzu śpiących żołnierzy - Ewa Mackiewicz Kopiec Powstania Warszawskie... ,https://www.cda.pl/video/55621507a,anonim
TFR Season 6: Episode 6 ,https://www.cda.pl/video/556108896,asseter
Chip n Dale Rescue Rangers. E43. Rescue Rangers to the Rescue Part 3.PL HD ,https://www.cda.pl/video/5561958b9,Kacper1996PL
TFR Season 6: Episode 3 ,https://www.cda.pl/video/5561097b0,asseter
Paszport Suwerena ARIOWIE ,https://www.cda.pl/video/5561523fe,pollechicki
Po tamtej stronie drzwi (2016) ,https://www.cda.pl/video/556194077,alawar
Idealny facet (2015) ,https://www.cda.pl/video/556193168,alawar
X-Men 2 (2003) ,https://www.cda.pl/video/5561853eb,alawar
Gracz (2014) ,https://www.cda.pl/video/5561910de,alawar
"Dziewczyna, która została królem (2015) ",https://www.cda.pl/video/5561895a7,alawar
Dziewczyny śmierci (2015) ,https://www.cda.pl/video/55619255f,alawar
Chip n Dale Rescue Rangers. E42. Rescue Rangers to the Rescue Part 2.PL HD ,https://www.cda.pl/video/55619013d,Kacper1996PL
Straight Outta Compton (2015) ,https://www.cda.pl/video/556183237,alawar
Savages: Ponad bezprawiem (2012) Lekto PL ,https://www.cda.pl/video/5561685e5,solowski1978
Prosty fart (MMXIX) komedia ,https://www.cda.pl/video/5561715c0,tomus76
Zaktualizowany (MMXVIII) Akcja Sci-fi ,https://www.cda.pl/video/556171298,tomus76
TFR Season 6: Episode 1 ,https://www.cda.pl/video/556110385,asseter
Sword Art Online: Alicization - War of Underworld 16 ,https://www.cda.pl/video/55616796d,kirito21
No Escape. (2015) Lektor PL ,https://www.cda.pl/video/556164628,solowski1978
Initial D 2nd Stage - 04 ,https://www.cda.pl/video/55622224c,ppaczka
Initial D 2nd Stage - 11 ,https://www.cda.pl/video/55622168c,ppaczka
Initial D 2nd Stage - 13 ,https://www.cda.pl/video/556221308,ppaczka
Initial D 2nd Stage - 12 ,https://www.cda.pl/video/5562210c6,ppaczka
Initial D 2nd Stage - 10 ,https://www.cda.pl/video/556220707,ppaczka
Initial D 2nd Stage - 08 ,https://www.cda.pl/video/55622019a,ppaczka
Initial D 2nd Stage - 07 ,https://www.cda.pl/video/556219819,ppaczka
Initial D 2nd Stage - 06 ,https://www.cda.pl/video/556219598,ppaczka
Initial D 2nd Stage - 03 ,https://www.cda.pl/video/5562186eb,ppaczka
Initial D 2nd Stage - 02 ,https://www.cda.pl/video/55621835c,ppaczka
Initial D 2nd Stage - 01 ,https://www.cda.pl/video/5562180e7,ppaczka
Aleksander Jabonowski na wzgórzu śpiących żołnierzy - Ewa Mackiewicz Kopiec Powstania Warszawskie... ,https://www.cda.pl/video/55621507a,anonim
TFR Season 6: Episode 6 ,https://www.cda.pl/video/556108896,asseter
Chip n Dale Rescue Rangers. E43. Rescue Rangers to the Rescue Part 3.PL HD ,https://www.cda.pl/video/5561958b9,Kacper1996PL
TFR Season 6: Episode 3 ,https://www.cda.pl/video/5561097b0,asseter
Paszport Suwerena ARIOWIE ,https://www.cda.pl/video/5561523fe,pollechicki
Po tamtej stronie drzwi (2016) ,https://www.cda.pl/video/556194077,alawar
Idealny facet (2015) ,https://www.cda.pl/video/556193168,alawar
X-Men 2 (2003) ,https://www.cda.pl/video/5561853eb,alawar
Gracz (2014) ,https://www.cda.pl/video/5561910de,alawar
"Dziewczyna, która została królem (2015) ",https://www.cda.pl/video/5561895a7,alawar
Dziewczyny śmierci (2015) ,https://www.cda.pl/video/55619255f,alawar
Chip n Dale Rescue Rangers. E42. Rescue Rangers to the Rescue Part 2.PL HD ,https://www.cda.pl/video/55619013d,Kacper1996PL
Straight Outta Compton (2015) ,https://www.cda.pl/video/556183237,alawar
Savages: Ponad bezprawiem (2012) Lekto PL ,https://www.cda.pl/video/5561685e5,solowski1978
Prosty fart (MMXIX) komedia ,https://www.cda.pl/video/5561715c0,tomus76
Zaktualizowany (MMXVIII) Akcja Sci-fi ,https://www.cda.pl/video/556171298,tomus76
TFR Season 6: Episode 1 ,https://www.cda.pl/video/556110385,asseter
Sword Art Online: Alicization - War of Underworld 16 ,https://www.cda.pl/video/55616796d,kirito21
No Escape. (2015) Lektor PL ,https://www.cda.pl/video/556164628,solowski1978
Initial D 2nd Stage - 04 ,https://www.cda.pl/video/55622224c,ppaczka
Initial D 2nd Stage - 11 ,https://www.cda.pl/video/55622168c,ppaczka
Initial D 2nd Stage - 13 ,https://www.cda.pl/video/556221308,ppaczka
Initial D 2nd Stage - 12 ,https://www.cda.pl/video/5562210c6,ppaczka
Initial D 2nd Stage - 10 ,https://www.cda.pl/video/556220707,ppaczka
Initial D 2nd Stage - 08 ,https://www.cda.pl/video/55622019a,ppaczka
Initial D 2nd Stage - 07 ,https://www.cda.pl/video/556219819,ppaczka
Initial D 2nd Stage - 06 ,https://www.cda.pl/video/556219598,ppaczka
Initial D 2nd Stage - 03 ,https://www.cda.pl/video/5562186eb,ppaczka
Initial D 2nd Stage - 02 ,https://www.cda.pl/video/55621835c,ppaczka
Initial D 2nd Stage - 01 ,https://www.cda.pl/video/5562180e7,ppaczka
Aleksander Jabonowski na wzgórzu śpiących żołnierzy - Ewa Mackiewicz Kopiec Powstania Warszawskie... ,https://www.cda.pl/video/55621507a,anonim
TFR Season 6: Episode 6 ,https://www.cda.pl/video/556108896,asseter
Chip n Dale Rescue Rangers. E43. Rescue Rangers to the Rescue Part 3.PL HD ,https://www.cda.pl/video/5561958b9,Kacper1996PL
TFR Season 6: Episode 3 ,https://www.cda.pl/video/5561097b0,asseter
Paszport Suwerena ARIOWIE ,https://www.cda.pl/video/5561523fe,pollechicki
Po tamtej stronie drzwi (2016) ,https://www.cda.pl/video/556194077,alawar
Idealny facet (2015) ,https://www.cda.pl/video/556193168,alawar
X-Men 2 (2003) ,https://www.cda.pl/video/5561853eb,alawar
Gracz (2014) ,https://www.cda.pl/video/5561910de,alawar
"Dziewczyna, która została królem (2015) ",https://www.cda.pl/video/5561895a7,alawar
Dziewczyny śmierci (2015) ,https://www.cda.pl/video/55619255f,alawar
Chip n Dale Rescue Rangers. E42. Rescue Rangers to the Rescue Part 2.PL HD ,https://www.cda.pl/video/55619013d,Kacper1996PL
Straight Outta Compton (2015) ,https://www.cda.pl/video/556183237,alawar
Savages: Ponad bezprawiem (2012) Lekto PL ,https://www.cda.pl/video/5561685e5,solowski1978
Prosty fart (MMXIX) komedia ,https://www.cda.pl/video/5561715c0,tomus76
Zaktualizowany (MMXVIII) Akcja Sci-fi ,https://www.cda.pl/video/556171298,tomus76
TFR Season 6: Episode 1 ,https://www.cda.pl/video/556110385,asseter
Sword Art Online: Alicization - War of Underworld 16 ,https://www.cda.pl/video/55616796d,kirito21
No Escape. (2015) Lektor PL ,https://www.cda.pl/video/556164628,solowski1978
Initial D 2nd Stage - 04 ,https://www.cda.pl/video/55622224c,ppaczka
Initial D 2nd Stage - 11 ,https://www.cda.pl/video/55622168c,ppaczka
Initial D 2nd Stage - 13 ,https://www.cda.pl/video/556221308,ppaczka
Initial D 2nd Stage - 12 ,https://www.cda.pl/video/5562210c6,ppaczka
Initial D 2nd Stage - 10 ,https://www.cda.pl/video/556220707,ppaczka
Initial D 2nd Stage - 08 ,https://www.cda.pl/video/55622019a,ppaczka
Initial D 2nd Stage - 07 ,https://www.cda.pl/video/556219819,ppaczka
Initial D 2nd Stage - 06 ,https://www.cda.pl/video/556219598,ppaczka
Initial D 2nd Stage - 03 ,https://www.cda.pl/video/5562186eb,ppaczka
Initial D 2nd Stage - 02 ,https://www.cda.pl/video/55621835c,ppaczka
Initial D 2nd Stage - 01 ,https://www.cda.pl/video/5562180e7,ppaczka
Aleksander Jabonowski na wzgórzu śpiących żołnierzy - Ewa Mackiewicz Kopiec Powstania Warszawskie... ,https://www.cda.pl/video/55621507a,anonim
TFR Season 6: Episode 6 ,https://www.cda.pl/video/556108896,asseter
Chip n Dale Rescue Rangers. E43. Rescue Rangers to the Rescue Part 3.PL HD ,https://www.cda.pl/video/5561958b9,Kacper1996PL
TFR Season 6: Episode 3 ,https://www.cda.pl/video/5561097b0,asseter
Paszport Suwerena ARIOWIE ,https://www.cda.pl/video/5561523fe,pollechicki
Po tamtej stronie drzwi (2016) ,https://www.cda.pl/video/556194077,alawar
Idealny facet (2015) ,https://www.cda.pl/video/556193168,alawar
X-Men 2 (2003) ,https://www.cda.pl/video/5561853eb,alawar
Gracz (2014) ,https://www.cda.pl/video/5561910de,alawar
"Dziewczyna, która została królem (2015) ",https://www.cda.pl/video/5561895a7,alawar
Dziewczyny śmierci (2015) ,https://www.cda.pl/video/55619255f,alawar
Chip n Dale Rescue Rangers. E42. Rescue Rangers to the Rescue Part 2.PL HD ,https://www.cda.pl/video/55619013d,Kacper1996PL
Straight Outta Compton (2015) ,https://www.cda.pl/video/556183237,alawar
Savages: Ponad bezprawiem (2012) Lekto PL ,https://www.cda.pl/video/5561685e5,solowski1978
Prosty fart (MMXIX) komedia ,https://www.cda.pl/video/5561715c0,tomus76
Zaktualizowany (MMXVIII) Akcja Sci-fi ,https://www.cda.pl/video/556171298,tomus76
TFR Season 6: Episode 1 ,https://www.cda.pl/video/556110385,asseter
Sword Art Online: Alicization - War of Underworld 16 ,https://www.cda.pl/video/55616796d,kirito21
No Escape. (2015) Lektor PL ,https://www.cda.pl/video/556164628,solowski1978
Initial D 2nd Stage - 04 ,https://www.cda.pl/video/55622224c,ppaczka
Initial D 2nd Stage - 11 ,https://www.cda.pl/video/55622168c,ppaczka
Initial D 2nd Stage - 13 ,https://www.cda.pl/video/556221308,ppaczka
Initial D 2nd Stage - 12 ,https://www.cda.pl/video/5562210c6,ppaczka
Initial D 2nd Stage - 10 ,https://www.cda.pl/video/556220707,ppaczka
Initial D 2nd Stage - 08 ,https://www.cda.pl/video/55622019a,ppaczka
Initial D 2nd Stage - 07 ,https://www.cda.pl/video/556219819,ppaczka
Initial D 2nd Stage - 06 ,https://www.cda.pl/video/556219598,ppaczka
Initial D 2nd Stage - 03 ,https://www.cda.pl/video/5562186eb,ppaczka
Initial D 2nd Stage - 02 ,https://www.cda.pl/video/55621835c,ppaczka
Initial D 2nd Stage - 01 ,https://www.cda.pl/video/5562180e7,ppaczka
Aleksander Jabonowski na wzgórzu śpiących żołnierzy - Ewa Mackiewicz Kopiec Powstania Warszawskie... ,https://www.cda.pl/video/55621507a,anonim
TFR Season 6: Episode 6 ,https://www.cda.pl/video/556108896,asseter
Chip n Dale Rescue Rangers. E43. Rescue Rangers to the Rescue Part 3.PL HD ,https://www.cda.pl/video/5561958b9,Kacper1996PL
TFR Season 6: Episode 3 ,https://www.cda.pl/video/5561097b0,asseter
Paszport Suwerena ARIOWIE ,https://www.cda.pl/video/5561523fe,pollechicki
Po tamtej stronie drzwi (2016) ,https://www.cda.pl/video/556194077,alawar
Idealny facet (2015) ,https://www.cda.pl/video/556193168,alawar
X-Men 2 (2003) ,https://www.cda.pl/video/5561853eb,alawar
Gracz (2014) ,https://www.cda.pl/video/5561910de,alawar
"Dziewczyna, która została królem (2015) ",https://www.cda.pl/video/5561895a7,alawar
Dziewczyny śmierci (2015) ,https://www.cda.pl/video/55619255f,alawar
Chip n Dale Rescue Rangers. E42. Rescue Rangers to the Rescue Part 2.PL HD ,https://www.cda.pl/video/55619013d,Kacper1996PL
Straight Outta Compton (2015) ,https://www.cda.pl/video/556183237,alawar
Savages: Ponad bezprawiem (2012) Lekto PL ,https://www.cda.pl/video/5561685e5,solowski1978
Prosty fart (MMXIX) komedia ,https://www.cda.pl/video/5561715c0,tomus76
Zaktualizowany (MMXVIII) Akcja Sci-fi ,https://www.cda.pl/video/556171298,tomus76
TFR Season 6: Episode 1 ,https://www.cda.pl/video/556110385,asseter
Sword Art Online: Alicization - War of Underworld 16 ,https://www.cda.pl/video/55616796d,kirito21
No Escape. (2015) Lektor PL ,https://www.cda.pl/video/556164628,solowski1978
Initial D 2nd Stage - 04 ,https://www.cda.pl/video/55622224c,ppaczka
Initial D 2nd Stage - 11 ,https://www.cda.pl/video/55622168c,ppaczka
Initial D 2nd Stage - 13 ,https://www.cda.pl/video/556221308,ppaczka
Initial D 2nd Stage - 12 ,https://www.cda.pl/video/5562210c6,ppaczka
Initial D 2nd Stage - 10 ,https://www.cda.pl/video/556220707,ppaczka
Initial D 2nd Stage - 08 ,https://www.cda.pl/video/55622019a,ppaczka
Initial D 2nd Stage - 07 ,https://www.cda.pl/video/556219819,ppaczka
Initial D 2nd Stage - 06 ,https://www.cda.pl/video/556219598,ppaczka
Initial D 2nd Stage - 03 ,https://www.cda.pl/video/5562186eb,ppaczka
Initial D 2nd Stage - 02 ,https://www.cda.pl/video/55621835c,ppaczka
Initial D 2nd Stage - 01 ,https://www.cda.pl/video/5562180e7,ppaczka
Aleksander Jabonowski na wzgórzu śpiących żołnierzy - Ewa Mackiewicz Kopiec Powstania Warszawskie... ,https://www.cda.pl/video/55621507a,anonim
TFR Season 6: Episode 6 ,https://www.cda.pl/video/556108896,asseter
Chip n Dale Rescue Rangers. E43. Rescue Rangers to the Rescue Part 3.PL HD ,https://www.cda.pl/video/5561958b9,Kacper1996PL
TFR Season 6: Episode 3 ,https://www.cda.pl/video/5561097b0,asseter
Paszport Suwerena ARIOWIE ,https://www.cda.pl/video/5561523fe,pollechicki
Po tamtej stronie drzwi (2016) ,https://www.cda.pl/video/556194077,alawar
Idealny facet (2015) ,https://www.cda.pl/video/556193168,alawar
X-Men 2 (2003) ,https://www.cda.pl/video/5561853eb,alawar
Gracz (2014) ,https://www.cda.pl/video/5561910de,alawar
"Dziewczyna, która została królem (2015) ",https://www.cda.pl/video/5561895a7,alawar
Dziewczyny śmierci (2015) ,https://www.cda.pl/video/55619255f,alawar
Chip n Dale Rescue Rangers. E42. Rescue Rangers to the Rescue Part 2.PL HD ,https://www.cda.pl/video/55619013d,Kacper1996PL
Straight Outta Compton (2015) ,https://www.cda.pl/video/556183237,alawar
Savages: Ponad bezprawiem (2012) Lekto PL ,https://www.cda.pl/video/5561685e5,solowski1978
Prosty fart (MMXIX) komedia ,https://www.cda.pl/video/5561715c0,tomus76
Zaktualizowany (MMXVIII) Akcja Sci-fi ,https://www.cda.pl/video/556171298,tomus76
TFR Season 6: Episode 1 ,https://www.cda.pl/video/556110385,asseter
Sword Art Online: Alicization - War of Underworld 16 ,https://www.cda.pl/video/55616796d,kirito21
No Escape. (2015) Lektor PL ,https://www.cda.pl/video/556164628,solowski1978
Initial D 2nd Stage - 04 ,https://www.cda.pl/video/55622224c,ppaczka
Initial D 2nd Stage - 11 ,https://www.cda.pl/video/55622168c,ppaczka
Initial D 2nd Stage - 13 ,https://www.cda.pl/video/556221308,ppaczka
Initial D 2nd Stage - 12 ,https://www.cda.pl/video/5562210c6,ppaczka
Initial D 2nd Stage - 10 ,https://www.cda.pl/video/556220707,ppaczka
Initial D 2nd Stage - 08 ,https://www.cda.pl/video/55622019a,ppaczka
Initial D 2nd Stage - 07 ,https://www.cda.pl/video/556219819,ppaczka
Initial D 2nd Stage - 06 ,https://www.cda.pl/video/556219598,ppaczka
Initial D 2nd Stage - 03 ,https://www.cda.pl/video/5562186eb,ppaczka
Initial D 2nd Stage - 02 ,https://www.cda.pl/video/55621835c,ppaczka
Initial D 2nd Stage - 01 ,https://www.cda.pl/video/5562180e7,ppaczka
Aleksander Jabonowski na wzgórzu śpiących żołnierzy - Ewa Mackiewicz Kopiec Powstania Warszawskie... ,https://www.cda.pl/video/55621507a,anonim
TFR Season 6: Episode 6 ,https://www.cda.pl/video/556108896,asseter
Chip n Dale Rescue Rangers. E43. Rescue Rangers to the Rescue Part 3.PL HD ,https://www.cda.pl/video/5561958b9,Kacper1996PL
TFR Season 6: Episode 3 ,https://www.cda.pl/video/5561097b0,asseter
Paszport Suwerena ARIOWIE ,https://www.cda.pl/video/5561523fe,pollechicki
Po tamtej stronie drzwi (2016) ,https://www.cda.pl/video/556194077,alawar
Idealny facet (2015) ,https://www.cda.pl/video/556193168,alawar
X-Men 2 (2003) ,https://www.cda.pl/video/5561853eb,alawar
Gracz (2014) ,https://www.cda.pl/video/5561910de,alawar
"Dziewczyna, która została królem (2015) ",https://www.cda.pl/video/5561895a7,alawar
Dziewczyny śmierci (2015) ,https://www.cda.pl/video/55619255f,alawar
Chip n Dale Rescue Rangers. E42. Rescue Rangers to the Rescue Part 2.PL HD ,https://www.cda.pl/video/55619013d,Kacper1996PL
Straight Outta Compton (2015) ,https://www.cda.pl/video/556183237,alawar
Savages: Ponad bezprawiem (2012) Lekto PL ,https://www.cda.pl/video/5561685e5,solowski1978
Prosty fart (MMXIX) komedia ,https://www.cda.pl/video/5561715c0,tomus76
Zaktualizowany (MMXVIII) Akcja Sci-fi ,https://www.cda.pl/video/556171298,tomus76
TFR Season 6: Episode 1 ,https://www.cda.pl/video/556110385,asseter
Sword Art Online: Alicization - War of Underworld 16 ,https://www.cda.pl/video/55616796d,kirito21
No Escape. (2015) Lektor PL ,https://www.cda.pl/video/556164628,solowski1978
Initial D 2nd Stage - 04 ,https://www.cda.pl/video/55622224c,ppaczka
Initial D 2nd Stage - 11 ,https://www.cda.pl/video/55622168c,ppaczka
Initial D 2nd Stage - 13 ,https://www.cda.pl/video/556221308,ppaczka
Initial D 2nd Stage - 12 ,https://www.cda.pl/video/5562210c6,ppaczka
Initial D 2nd Stage - 10 ,https://www.cda.pl/video/556220707,ppaczka
Initial D 2nd Stage - 08 ,https://www.cda.pl/video/55622019a,ppaczka
Initial D 2nd Stage - 07 ,https://www.cda.pl/video/556219819,ppaczka
Initial D 2nd Stage - 06 ,https://www.cda.pl/video/556219598,ppaczka
Initial D 2nd Stage - 03 ,https://www.cda.pl/video/5562186eb,ppaczka
Initial D 2nd Stage - 02 ,https://www.cda.pl/video/55621835c,ppaczka
Initial D 2nd Stage - 01 ,https://www.cda.pl/video/5562180e7,ppaczka
Aleksander Jabonowski na wzgórzu śpiących żołnierzy - Ewa Mackiewicz Kopiec Powstania Warszawskie... ,https://www.cda.pl/video/55621507a,anonim
TFR Season 6: Episode 6 ,https://www.cda.pl/video/556108896,asseter
Chip n Dale Rescue Rangers. E43. Rescue Rangers to the Rescue Part 3.PL HD ,https://www.cda.pl/video/5561958b9,Kacper1996PL
TFR Season 6: Episode 3 ,https://www.cda.pl/video/5561097b0,asseter
Paszport Suwerena ARIOWIE ,https://www.cda.pl/video/5561523fe,pollechicki
Po tamtej stronie drzwi (2016) ,https://www.cda.pl/video/556194077,alawar
Idealny facet (2015) ,https://www.cda.pl/video/556193168,alawar
X-Men 2 (2003) ,https://www.cda.pl/video/5561853eb,alawar
Gracz (2014) ,https://www.cda.pl/video/5561910de,alawar
"Dziewczyna, która została królem (2015) ",https://www.cda.pl/video/5561895a7,alawar
Dziewczyny śmierci (2015) ,https://www.cda.pl/video/55619255f,alawar
Chip n Dale Rescue Rangers. E42. Rescue Rangers to the Rescue Part 2.PL HD ,https://www.cda.pl/video/55619013d,Kacper1996PL
Straight Outta Compton (2015) ,https://www.cda.pl/video/556183237,alawar
Savages: Ponad bezprawiem (2012) Lekto PL ,https://www.cda.pl/video/5561685e5,solowski1978
Prosty fart (MMXIX) komedia ,https://www.cda.pl/video/5561715c0,tomus76
Zaktualizowany (MMXVIII) Akcja Sci-fi ,https://www.cda.pl/video/556171298,tomus76
TFR Season 6: Episode 1 ,https://www.cda.pl/video/556110385,asseter
Sword Art Online: Alicization - War of Underworld 16 ,https://www.cda.pl/video/55616796d,kirito21
No Escape. (2015) Lektor PL ,https://www.cda.pl/video/556164628,solowski1978
